Reicht das aus um 2 solche Viereckregner komplett auszulasten?;1
Wie gut hält die Dose im Boden?;0
Ist bei dem deutschen Spiel auch eine Anleitung auf Englisch dabei?;1
Welches Abfülldatum steht auf den Flaschen?;0
Mit welchem Versanddienstleister wird das Öl versandt?;0
Verharzt das Öl, wenn man die Säge länger nicht benutzt?;1
Ist die Maske auch für reife, trockene Haut geeignet?;1
Wieviel % Hyaloronsäure sind enthalten?;0
Hat schon jemand Langzeiterfahrung damit gemacht?;1
Kann ich Wasserflussgeschwindigkeit wählen?;1
Aus welchem Material besteht der Duschkopf?;0
Hallo, welchen Durchmesser und welches Gewicht hat der Duschkopf?;0
Wie lang ist der Schlauch der mitgeliefert wird?;0
Ist in dem Bettlaken Elasthan enthalten?;1
Bezahle ich zweimal Versand wenn ich zwei Laken bestelle?;1
Wie lange hält das Produkt bei täglicher Anwendung?;0
Wieviel Öl ist in der Flasche?;0
Kann man dieses Öl während der Schwangerschaft vorbeugend gegen Dehnungsstreifen anwenden?;1
Wie sieht das eigentlich rein rechtlich aus?;0
Besteht die Gefahr des Eintritts des Gifts in Wohnräume?;1
Ist die PET-Flasche für die Spülmaschine geeignet?;1
Ist der Ersatzzylinder bereits gefüllt?;1
Sind die CO2 Zylinder für alle Sodastream-Geräte die gleichen?;1
Hat die Flasche einen Bajonetteverschluss?;1
Wo kann man Ersatzfilter kaufen bzw. wann müssen sie getauscht werden?;0
Ist das normal?;1
Ist eine Pumpe enthalten?;1
Wie kann ich etwas Luft aus dem Kissen ablassen?;0
Was für eine Verbindung haben die Rollen?;0
Sind bei diesem Sessel auch die 2 Polster enthalten?;1
Wie wird diese Klingel befestigt?;0
Wieso gibt es hier mehrfache Rezensionen von der gleichen Person?;0
Hat diese Klingel eine Rückholfeder?;1
Gibt es eine maximale Belastbarkeit?;1
Wie lang sind die Schrauben zur Befestigung?;0
Gibt es eine Absenkungautomatik?;1
Hallo, sind die Bettlaken flauschig oder glatt vom Stoff?;0
Welche Leintuchgröße brauche ich für eine  90x160 große und 17cm hohe Matratze?;0
Worauf muss ich achten?;0
Wie kann man Anrufe annehmen?;0
Ist die Uhr jetzt nun wassertauglich oder nicht?;0
Wie lang ist der Drache?;0
Wie ist das Packmass für das 90x180cm und das 100x200cm Handtuch (in cm)?;0
Kann man es nach dem Baden im Meer benutzen?;1
Gibt es einen Ersatzakku für den Rasentrimmer?;1
Wie lange ist die Ladezeit?;0
Würde er auch Brennessel und anderes Unkraut schaffen?;1
Ist bei dem Whey der Dosierlöffel mit dabei?;1
Ist das Produkt lactosefrei?;1
Wieso hat das Whey bei 30g nur 22,2g protein?;0
Mit welchen Flüssigen Getränken (Wasser, Saft, Milch, etc.) rührt Ihr Euer Whey an?;0
Wo ist der unterschied zwichen der Mx500 und der Mx300?;0
Weshalb steht in der Beschreibung nach dem Öffnen kühl lagern?;0
Warum kann ich mir von Amazon kein Alkohol nach Österreich schicken lassen?;0
Kann man die Schuhe wieder zurücksenden falls sie nicht passen oder ist das schwierig?;0
Passt die angegebene Schuhgröße?;1
Ist das ein S3 Sicherheitsschuh?;1
Sind die Gläser blaugrün verspiegelt oder nur grün verspiegelt?;0
Ist die Sonnenbrille 100% verspiegelt und somit blickdicht?;1
Ist die Brille für Männer und Frauen geeignet?;1
Ist der Handschuh aus Baumwolle?;1
Wann kann man als Vorbesteller das Spiel downloaden?;0
Wie viele HDD kann man hier einbauen?;0
Ist es normal, dass der Laptop auch unter geringer Belastung extrem heiß wird und ständig laut lüftet?;1
Kann man in der First Person Ansicht spielen?;1
Hallo, ist die Schaumeinlage dabei oder muss man die seperat bestellen?;0
Ist der Laser auch für Außenbereiche zu gebrauchen?;1
Sehr geehrter Damen und Herren, was ist das für eine Messtabelle die dem Gerät beigefügt ist?;0
Kann das Armband sowie die Batterie der vivosmart hr+ bei Bedarf getauscht werden?;1
Kann ich auf dem Display in einem Feld die aktuelle Höhe erkennen?;1
Hat er einen Boden?;1
Ist er Rückenunterstützend?;1
Kann man ihn waschen?;1
Sind die Applikationen aus echtem Leder?;1
Kann ich Filme die ich auf dem Tabet habe auch auf einen Fernseher ansehen?;1
Hat man auch Zugriff auf den Google Playstore oder muss man sich auf den Amazon Playstore beschränken?;0
Wie viele Werktage dauert der Versand?;0
Welche Größe sollte ich bestellen ?;0
Rutscht sie runter beim Laufen?;1
Wann ist die Hose ungefähr da?;0
Kann ich dieses Material auch umlackieren und wenn ja mit welchem Lack(Typ)?;0
Hält der Deckel dies dauerhaft aus oder gibt es Verformungen?;0
Ist das Touchdisplay mit einem Glas oder durch Kunststoff geschützt?;0
Hallo, könnte man auch 2 Kisten aufeinander schrauben?;1
Wie hoch ist der Zoo?;0
Wie lange hat deine Band gedauert?;0
Schwitzt deine Haut unter dem Band?;1
Enthält das Armband Nickel?;1
Wie säuberst du das Band?;0
Ist das schwarze Armband auch dabei?;1
Was ist alles im Lieferumfang enthalten?;0
Wenn ich den artikel heute vorbestelle, wann muss es bezahlen?;0
Was ist der Unterschied zwischen der charge 3 und der charge 3 special edition?;0
Warum wird dieser Artikel nicht mehr nach Österreich veschickt?;0
Sind die Riemen an den Schultern verstellbar?;1
Ist es normal, dass der Hintergrund des Logos eher gelblich anstatt ganz weiß ist?;1
Hat es in drinne noch ein Fach?;1
Ist der Rucksack gut für die Schule?;1
Wie lang ist das Kabel?;0
Welche Stromstärke(n) liefert das Netzteil denn bei den einzelnen Spannungen genau?;0
Ist England dabei?;1
Was bedeudet DAB+?;0
Ist das Display entspiegelt?;1
"Wodurch unterscheiden sich die Geräte ""mit Verkehrsinformationen bzw. ohne Verkehrsinformation""?";0
Funktioniert das Streamen von Musik von einer Festplatte mit MP3-Dateien, die am Router hängt?;1
Kann man damit auch die Breikostbehälter von Avent erwärmen?;1
Eignet sich der Fläschchenwärmer auch für Glasflaschen?;1
Reicht diese Karte für die Gear 360 (2017) oder muss es die pro plus sein?;0
