A	n	e	r	k	e	n	n	u	n	g	s	f	a	l	l	e	:	 	W	e	l	c	h	e	n	 	S	t	e	l	l	e	n	w	e	r	t	 	h	a	t	 	I	h	r	 	J	o	b	?
M	o	n	t	a	g	?
 	I	s	t	 	b	e	i	 	e	u	c	h	 	d	a	s	 	F	a	u	s	t	r	e	c	h	t	 	a	u	s	g	e	b	r	o	c	h	e	n	?
L	i	v	e	s	t	r	e	a	m	s	 	d	o	w	n	,	 	w	i	e	 	i	s	t	 	d	i	e	 	L	a	g	e	 	v	o	r	 	O	r	t	`	?
H	a	t	 	d	e	r	 	M	o	b	 	s	c	h	o	n	 	d	i	e	 	S	c	h	a	n	z	e	 	e	r	r	e	i	c	h	t	?
G	u	t	o	o	o	o	m	m	m	m	m	 	l	a	g	e	e	e	e	e	?	?	?	!	!	!	!
U	h	r	z	e	i	t	?
 	 	 	F	ü	r	 	d	i	c	h	 	o	d	e	r	 	w	i	l	l	s	t	 	d	u	 	e	s	 	i	n	 	d	i	e	 	F	a	r	b	e	 	s	c	h	ü	t	t	e	n	?
w	o	 	f	i	n	d	e	 	i	c	h	 	e	i	g	e	n	t	l	i	c	h	 	G	e	g	e	n	r	e	d	e	 	z	u	 	 	…	?
 	 	 	 	W	o	b	e	i	?
T	a	t	i	:	 	h	a	s	t	 	d	u	 	d	i	c	h	 	g	e	f	r	e	u	t	 	a	l	s	 	Q	u	i	n	c	y	 	r	e	i	n	k	a	m	?
T	a	t	i	:	 	J	a	a	a	"
"	E	r	i	k	:	 	E	r	 	h	a	t	 	g	e	s	t	u	n	k	e	n	"
"	T	a	t	i	:	 	H	ä	h	?
 	 	 	 	 	D	u	 	w	i	l	l	s	t	 	d	i	e	 	G	a	m	e	s	c	o	m	b	e	s	u	c	h	e	r	 	l	o	s	w	e	r	d	e	n	 	o	d	e	r	?
H	a	t	 	d	e	r	 	B	ü	r	g	e	r	m	e	i	s	t	e	r	 	a	u	s	 	#	D	ü	s	s	e	l	d	o	r	f	 	s	c	h	o	n	 	z	u	r	 	B	e	s	o	n	n	e	n	h	e	i	t	 	a	u	f	g	e	r	u	f	e	n	?	?
I	H	R	 	W	O	L	L	T	E	 	G	U	T	E	 	S	P	I	E	L	E	?
U	N	D	 	D	A	S	 	B	I	L	L	I	G	?
D	I	E	 	N	E	U	S	T	E	N	 	H	I	T	S	?
 	L	e	s	e	n	?	!
W	i	e	 	s	o	l	l	 	d	a	s	 	g	e	h	e	n	?
W	a	r	u	m	 	s	i	e	 	d	a	m	i	t	 	b	i	s	h	e	r	 	d	u	r	c	h	k	a	m	e	n	?
 	B	u	t	 	w	h	a	t	s	 	t	h	r	 	f	u	n	 	a	b	o	u	t	 	t	h	a	t	?
S	i	n	d	 	H	a	u	s	a	u	f	g	a	b	e	n	 	T	e	i	l	 	d	e	r	 	L	ö	s	u	n	g	 	o	d	e	r	 	d	e	s	 	P	r	o	b	l	e	m	s	?
K	a	n	n	 	i	c	h	 	a	l	l	 	m	e	i	n	e	 	F	o	l	l	o	w	e	r	 	h	e	i	r	a	t	e	n	 	u	n	d	 	d	e	n	 	R	e	s	t	 	a	n	z	ü	n	d	e	n	?
G	e	h	t	 	d	a	s	 	o	d	e	r	 	e	h	e	r	 	s	c	h	w	i	e	r	i	g	.	.	.	.	?
N	o	 	R	o	n	a	l	d	o	,	 	n	o	 	P	a	r	t	y	?
I	s	t	 	i	r	g	e	n	d	j	e	m	a	n	d	 	d	i	e	s	e	s	 	W	o	c	h	e	n	e	n	d	e	 	i	n	 	#	H	a	m	e	l	n	?
B	z	w	.	 	m	a	g	 	j	e	m	a	n	d	 	m	i	t	 	m	i	r	 	a	u	f	s	 	P	f	l	a	s	t	e	r	 	F	e	s	t	 	g	e	h	e	n	?
L	u	s	t	 	a	u	f	 	A	k	t	i	o	n	?
 	w	a	s	 	i	s	t	 	d	e	r	 	M	e	r	k	l	i	s	t	e	 	i	m	 	S	w	i	s	s	c	o	m	 	T	V	 	z	u	g	e	s	t	o	s	s	e	n	?
H	a	b	t	 	I	h	r	 	e	i	n	 	a	l	t	e	s	 	B	a	c	k	u	p	 	e	i	n	g	e	s	p	i	e	l	t	?
A	n	g	s	t	 	v	o	r	 	K	ü	n	s	t	l	i	c	h	e	r	 	I	n	t	e	l	l	i	g	e	n	z	?
A	b	e	r	 	w	a	r	u	m	 	e	i	g	e	n	t	l	i	c	h	?
B	e	r	e	i	t	 	f	ü	r	 	d	a	s	 	a	l	l	j	ä	h	r	l	i	c	h	e	 	F	l	u	n	k	y	b	a	l	l	 	B	a	t	t	l	e	 	z	u	r	 	G	a	m	e	s	c	o	m	?
 	 	 	 	W	a	s	 	g	e	n	a	u	 	s	o	l	l	 	m	i	r	 	d	i	e	 	S	t	a	t	i	s	t	i	k	 	n	u	n	 	w	i	e	d	e	r	 	s	a	g	e	n	?
 	 	 	 	 	K	e	i	n	 	W	e	l	t	h	a	n	d	w	e	r	k	 	i	n	 	d	e	n	 	G	i	l	d	e	n	?
O	d	e	r	 	a	n	d	e	r	s	r	u	m	?
I	h	r	 	h	a	b	t	 	e	i	n	e	n	 	H	u	n	d	 	u	n	d	 	w	o	l	l	t	 	e	u	r	e	m	 	N	a	c	h	b	a	r	n	 	e	i	n	e	n	 	k	l	e	i	n	e	n	 	S	c	h	r	e	c	k	e	n	 	e	i	n	j	a	g	e	n	?
 	u	n	d	 	d	a	n	n	 	k	r	i	e	g	 	i	c	h	 	t	r	o	t	z	d	e	m	 	m	e	i	n	 	g	e	l	d	?
""""	H	a	s	t	 	d	u	 	a	u	c	h	 	e	i	n	e	n	 	s	ü	s	s	e	n	 	K	o	s	e	n	a	m	e	n	 	f	ü	r	 	d	e	i	n	e	 	T	o	c	h	t	e	r	 	w	i	e	 	i	c	h	 	f	ü	r	 	m	e	i	n	e	n	 	k	l	e	i	n	e	n	 	M	a	u	s	e	b	ä	r	n	?	""""
#	S	c	h	a	n	z	e	n	f	e	s	t	 	n	i	c	h	t	 	i	n	 	d	e	n	 	T	r	e	n	d	s	?
W	a	s	 	i	s	t	 	d	a	 	l	o	s	?
W	e	r	d	e	n	 	w	i	r	 	f	a	u	l	?
 	H	a	s	t	 	d	u	 	i	h	m	 	g	e	s	a	g	t	,	 	d	a	s	s	 	e	r	 	d	a	s	 	Z	e	u	g	 	g	e	r	n	e	 	i	n	 	d	i	e	 	E	c	k	e	 	f	e	u	e	r	n	 	d	a	r	f	,	 	w	e	n	n	 	e	r	 	s	o	w	a	s	 	n	o	c	h	m	a	l	 	b	e	k	o	m	m	t	?
 	W	i	e	 	h	e	i	ß	t	 	d	u	?
*	k	r	e	m	p	e	l	t	 	d	i	e	 	Ä	r	m	e	l	 	h	o	c	h	*	"
"	*	r	ä	u	s	p	e	r	t	 	s	i	c	h	*	"
"	""""	F	i	c	k	e	n	?	""""
W	a	r	u	m	 	h	a	b	e	n	 	g	u	t	e	 	#	N	a	c	h	r	i	c	h	t	e	n	 	k	e	i	n	e	 	#	K	o	n	j	u	n	k	t	u	r	?
d	i	e	 	#	A	u	f	l	a	g	e	 	s	c	h	a	f	f	t	?
#	A	u	f	s	t	e	h	e	n	 	g	e	g	e	n	 	e	i	n	e	n	 	s	o	l	c	h	e	n	 	W	a	h	n	s	i	n	n	 	d	e	u	t	s	c	h	e	r	 	A	u	ß	e	n	p	o	l	i	t	i	k	 	-	 	W	a	r	u	m	 	u	n	t	e	r	s	t	ü	t	z	t	 	d	i	e	 	d	e	u	t	s	c	h	e	 	R	e	g	i	e	r	u	n	g	 	d	i	e	 	#	W	e	i	ß	h	e	l	m	e	?	…
[	S	N	 	P	l	u	s	]	 	S	i	n	d	 	d	i	e	 	Ö	f	f	i	s	 	i	n	 	d	e	r	 	S	t	a	d	t	 	#	S	a	l	z	b	u	r	g	 	w	i	r	k	l	i	c	h	 	s	o	 	s	c	h	l	e	c	h	t	 	w	i	e	 	a	l	l	e	 	s	a	g	e	n	?
S	i	n	d	 	S	i	e	 	d	e	r	 	M	e	i	n	u	n	g	,	 	S	i	e	 	s	c	h	a	f	f	e	n	 	e	s	 	o	h	n	e	 	„	f	r	e	m	d	e	s	“	 	G	e	l	d	 	o	d	e	r	 	w	ü	r	d	e	n	 	k	e	i	n	s	 	b	e	k	o	m	m	e	n	?
I	n	t	e	r	e	s	s	e	 	a	n	 	e	i	n	e	m	 	#	E	h	r	e	n	a	m	t	 	i	m	 	C	a	r	i	t	a	s	v	e	r	b	a	n	d	 	R	h	e	i	n	-	E	r	f	t	?
#	P	a	v	a	r	d	 	b	l	e	i	b	t	?
W	a	s	 	i	s	t	 	i	n	 	d	e	n	 	K	a	r	t	o	n	s	 	v	o	n	 	F	r	a	u	 	T	r	a	p	a	n	i	?
 	W	e	n	n	 	d	u	 	S	o	n	t	a	g	 	n	a	c	h	 	H	a	u	s	e	 	k	o	m	m	s	t	 	h	a	s	t	 	d	u	 	d	o	c	h	 	d	e	n	 	g	a	n	z	e	n	 	T	a	g	 	Z	e	i	t	 	?
 	K	e	n	k	e	n	?
W	i	e	 	l	a	n	g	 	h	a	s	t	 	d	u	 	s	i	e	 	s	c	h	o	n	 	i	n	 	V	e	r	w	e	n	d	u	n	g	?
 	Z	w	e	i	 	W	a	s	s	e	r	e	i	s	?
A	b	 	j	e	t	z	t	 	e	r	s	t	?
 	 	D	i	e	 	b	u	n	t	e	 	I	n	t	e	g	r	a	t	i	o	n	 	m	e	s	s	e	r	t	 	s	i	c	h	 	w	e	i	t	e	r	 	d	u	r	c	h	s	 	S	c	h	l	a	n	d	;	 	j	e	d	e	n	 	T	a	g	 	n	e	 	n	e	u	e	 	M	e	l	d	u	n	g	 	k	ö	n	n	t	e	 	m	a	n	 	s	a	g	e	n	 	o	d	e	r	?	?
?
W	e	l	c	h	e	 	G	o	t	t	h	e	i	t	 	w	o	l	l	t	 	i	h	r	 	d	i	e	s	e	s	 	M	a	l	?
 	 	 	W	a	s	 	h	a	b	t	 	i	h	r	 	d	e	n	n	 	g	e	d	a	c	h	t	?	?
W	a	s	 	h	i	e	r	 	a	n	k	o	m	m	t	?
?	,
S	t	e	h	t	 	m	i	r	 	d	o	c	h	 	g	u	t	,	 	o	d	e	r	?
 	 	A	h	 	o	k	a	y	,	 	d	a	n	k	e	 	f	ü	r	 	d	i	e	 	I	n	f	o	 	^	^	 	w	i	s	s	t	 	i	h	r	 	z	u	f	ä	l	l	i	g	 	w	a	n	n	 	h	e	u	t	e	 	T	e	s	t	s	e	r	v	e	r	 	o	n	 	k	o	m	m	e	n	?
 	„	l	g	“	 	s	t	e	h	t	 	d	o	c	h	 	f	ü	r	 	„	l	a	s	s	 	g	u	t	s	e	i	n	“	,	 	o	d	e	r	?
W	h	a	t	s	 	p	o	p	p	i	n	?	!
 	M	e	r	k	s	t	e	 	w	a	s	?	?	?	?
 	 	 	W	T	F	?
 	W	i	e	 	g	e	h	t	’	s	 	i	h	r	e	m	 	S	o	h	n	?
 	W	a	s	 	f	ü	r	 	e	i	n	e	r	 	w	a	r	 	d	a	s	 	d	e	n	n	 	d	e	n	 	d	u	 	f	a	h	r	e	n	 	d	u	r	f	t	e	s	t	?
 	K	i	f	a	c	h	?	?	?
?
W	i	e	 	v	i	e	l	 	D	i	g	i	t	a	l	i	s	i	e	r	u	n	g	 	w	o	l	l	e	n	 	P	a	t	i	e	n	t	e	n	?
w	a	s	 	i	s	t	 	d	a	s	 	n	e	r	v	i	g	s	t	e	 	a	m	 	ä	l	t	e	r	w	e	r	d	e	n	?
W	a	s	 	f	ü	r	 	e	i	n	e	 	s	c	h	ö	n	e	 	#	H	o	c	h	z	e	i	t	|	s	t	r	a	d	i	t	i	o	n	?
D	ü	r	f	e	n	 	w	i	r	 	v	o	r	s	t	e	l	l	e	n	?
 	""""	V	e	r	s	t	e	h	t	 	d	a	s	 	n	o	c	h	 	j	e	m	a	n	d	?	?	?	?	""""
 	 	W	a	s	 	h	a	t	 	e	i	g	e	n	t	l	i	c	h	 	d	e	r	 	'	 	 	i	n	t	i	m	s	t	e	 	B	e	r	e	i	c	h	 	d	e	r	 	P	r	i	v	a	t	s	p	h	ä	r	e	 	'	 	i	m	 	w	w	w	 	z	u	 	s	u	c	h	e	n	 	?
#	A	g	i	l	e	r	 	#	F	ü	h	r	e	n	 	–	 	W	a	s	,	 	w	a	r	u	m	 	u	n	d	 	w	i	e	?
u	k	r	a	i	n	e	 	a	m	 	m	e	i	s	t	e	n	 	b	e	t	r	o	f	f	e	n	 	-	 	o	b	 	d	a	s	 	e	s	 	e	s	o	s	 	s	i	n	d	.	.	.	?	…
 	 	S	a	g	t	 	j	a	 	a	u	c	h	 	n	i	e	m	a	n	d	 	w	a	s	 	d	a	g	e	g	e	n	?
W	a	r	u	m	 	d	a	n	n	 	n	i	c	h	t	 	a	u	c	h	 	d	i	e	 	T	ü	r	k	e	i	?	…
W	i	e	v	i	e	l	 	A	b	s	t	a	n	d	 	h	a	l	t	e	n	 	A	u	t	o	f	a	h	r	e	r	 	b	e	i	m	 	Ü	b	e	r	h	o	l	e	n	 	z	u	 	R	a	d	f	a	h	r	e	r	n	?
W	a	s	 	i	s	t	 	e	i	g	e	n	t	l	i	c	h	 	l	o	s	 	m	i	t	 	d	i	r	 	L	u	k	e	?
S	c	o	o	b	e	r	t	 	D	o	o	b	e	r	t	.	.	.	?
#	F	r	e	i	h	e	i	t	 	u	n	d	 	#	D	e	m	o	k	r	a	t	i	e	 	o	h	n	e	 	W	e	i	ß	e	?
W	a	r	u	m	 	d	a	n	n	 	n	i	c	h	t	 	a	u	c	h	 	d	i	e	 	T	ü	r	k	e	i	?	…
#	E	n	g	a	g	e	m	e	n	t	 	u	n	d	 	e	i	n	e	 	F	a	c	h	z	e	i	t	s	c	h	r	i	f	t	 	f	ü	r	 	M	e	d	i	z	i	n	-	 	u	n	d	 	B	i	o	w	i	s	s	e	n	s	c	h	a	f	t	e	n	?
S	c	h	o	n	 	g	e	s	e	h	e	n	?
H	a	b	e	n	 	S	i	e	 	d	e	n	 	T	e	s	t	 	s	c	h	o	n	 	g	e	m	a	c	h	t	?
 	 	p	u	t	z	t	 	d	u	 	d	i	e	 	s	t	r	a	ß	e	 	v	o	r	h	e	r	 	w	i	e	d	e	r	?
W	i	e	v	i	e	l	 	A	b	s	t	a	n	d	 	h	a	l	t	e	n	 	A	u	t	o	f	a	h	r	e	r	 	b	e	i	m	 	Ü	b	e	r	h	o	l	e	n	 	z	u	 	R	a	d	f	a	h	r	e	r	n	?
G	i	b	t	 	e	s	 	u	n	t	e	r	 	m	e	i	n	e	n	 	F	r	e	u	n	d	e	n	 	e	i	n	 	M	e	c	h	a	n	i	k	e	r	 	d	e	r	 	e	i	n	e	 	H	i	n	t	e	r	a	c	h	s	 	e	i	n	b	a	u	t	 	k	a	n	n	?
226	129	166	226	129	169	32	58	32	115	97	103	116	32	100	97	115	32	66	65	77	70	46	226	128	166	32	74	97	32	119	97	115	32	115	111	108	108	101	110	32	100	105	101	32	100	101	110	110	32	115	111	110	115	116	32	115	97	103	101	110	63
W	e	r	 	b	i	t	t	e	 	s	o	l	l	 	d	i	e	s	e	n	 	M	i	s	t	 	n	o	c	h	 	g	l	a	u	b	e	n	?
C	h	a	o	s	 	i	n	 	V	e	n	e	z	u	e	l	a	:	 	K	ö	n	n	e	n	 	d	e	r	 	P	e	t	r	o	 	u	n	d	 	d	e	r	 	„	s	o	u	v	e	r	ä	n	e	“	 	B	o	l	i	v	a	r	 	d	i	e	 	W	i	r	t	s	c	h	a	f	t	 	r	e	t	t	e	n	?
F	r	i	e	d	r	i	c	h	 	N	i	e	t	z	s	c	h	e	"
"	"
"	L	e	b	e	n	 	o	h	n	e	 	A	r	b	e	i	t	?
 	 	W	a	r	u	m	 	n	i	m	m	s	t	 	d	u	 	R	A	W	 	n	i	c	h	t	 	a	u	c	h	 	n	o	c	h	 	m	i	t	?	!
H	a	t	 	j	e	m	a	n	d	 	d	a	s	 	V	o	t	u	m	 	v	o	n	 	P	a	u	l	 	W	i	d	m	e	r	 	f	ü	r	 	d	i	e	 	S	e	l	b	s	t	b	e	s	t	i	m	m	u	n	g	s	i	n	i	t	i	a	t	i	v	e	 	i	n	 	d	e	r	 	 	g	e	l	e	s	e	n	?
 	 	G	i	b	t	'	s	 	e	i	n	 	V	l	o	g	?
 	 	 	D	U	 	w	i	l	l	s	t	 	m	i	r	 	w	a	s	 	s	a	g	e	n	?	?
?
 	W	o	 	m	u	s	s	 	i	c	h	 	h	i	n	?
W	e	m	 	n	ü	t	z	t	 	d	i	e	 	#	W	a	l	d	v	i	e	r	t	e	l	-	A	u	t	o	b	a	h	n	?
 	K	e	n	n	s	t	e	?
;	D	 	W	a	s	 	s	i	n	d	 	e	u	r	e	?
 	D	u	 	a	u	c	h	?	?
W	o	 	f	a	h	r	e	n	 	w	i	r	 	h	i	n	?
„	H	a	b	e	n	 	S	i	e	 	i	h	n	 	s	c	h	o	n	 	m	a	l	 	h	o	c	h	 	u	n	d	 	w	i	e	d	e	r	 	r	u	n	t	e	r	g	e	w	o	r	f	e	n	?	“	"
"	(	Z	i	t	a	t	 	)
 	 	 	I	s	t	 	Y	o	g	a	 	U	n	g	l	a	u	b	w	ü	r	d	i	g	?
 	G	u	t	e	n	 	M	i	t	t	a	g	 	z	u	s	a	m	m	e	n	,	 	k	a	n	n	 	e	s	 	m	ö	g	l	i	c	h	e	r	w	e	i	s	e	 	s	e	i	n	,	 	d	a	s	s	 	i	n	 	R	a	u	m	 	H	a	g	e	n	 	e	i	n	e	 	S	t	ö	r	u	n	g	 	v	o	r	h	a	n	d	e	n	 	i	s	t	?	…
W	o	 	s	i	n	d	 	d	i	e	 	F	u	ß	b	a	l	l	e	x	p	e	r	t	e	n	 	u	n	t	e	r	 	e	u	c	h	 	-	 	h	ä	t	t	e	t	 	i	h	r	 	a	l	l	e	 	B	e	g	r	i	f	f	e	 	g	e	w	u	s	s	t	?
S	p	e	i	c	h	e	r	s	e	e	 	o	d	e	r	 	w	a	s	?
 	B	r	a	u	c	h	t	 	d	a	s	 	L	e	h	r	p	e	r	s	o	n	a	l	 	2	,	5	 	W	o	c	h	e	n	 	u	m	 	d	i	e	 	E	n	d	n	o	t	e	n	 	z	u	 	b	e	r	e	c	h	n	e	n	?
K	a	n	n	 	m	a	n	 	d	e	m	 	w	i	d	e	r	s	p	r	e	c	h	e	n	?
 	»	W	o	l	l	t	 	I	h	r	 	d	e	n	n	 	a	u	c	h	 	d	i	e	 	W	e	i	b	e	r	a	r	b	e	i	t	 	i	n	 	d	e	n	 	F	a	b	r	i	k	e	n	 	v	e	r	b	i	e	t	e	n	?
 	w	a	r	u	m	 	h	a	t	 	e	i	n	 	t	y	p	 	d	e	i	n	e	r	 	k	l	a	s	s	e	 	ü	b	e	r	h	a	u	p	t	 	e	i	n	e	n	 	 	c	 	h	 	e	 	f	 	 	?
 	w	a	s	 	ä	n	d	e	r	t	 	d	a	s	 	a	n	 	m	e	i	n	e	m	 	t	w	e	e	t	?
 	I	c	h	?
N	o	c	h	 	k	e	i	n	e	n	 	A	u	s	b	i	l	d	u	n	g	s	p	l	a	t	z	?
 	w	e	l	c	h	e	n	?
 	U	n	d	 	w	a	s	 	i	s	t	 	s	i	g	m	a	?
"
"	"
"	""""	N	ö	ö	,	 	S	t	e	l	l	e	 	n	i	c	h	t	 	g	e	h	ö	r	t	""""	 	o	d	e	r	 	""""	n	ö	ö	,	 	T	r	a	i	l	e	r	 	n	o	c	h	 	n	i	c	h	t	 	g	e	s	e	h	e	n	""""	?
32	79	104	32	109	97	110	32	240	159	152	159	32	87	105	101	32	108	97	110	103	101	32	109	117	115	115	116	32	100	117	32	100	97	115	32	100	117	114	99	104	122	105	101	104	101	110	63
 	D	u	r	c	h	 	d	a	s	 	D	i	n	g	?
N	a	,	 	w	i	e	 	w	a	r	'	s	 	h	e	u	t	e	 	s	o	 	i	m	 	B	ü	r	o	?
240	159	164	147	32	70	114	101	117	101	110	32	83	105	101	32	97	117	99	104	32	115	99	104	111	110	32	97	117	102	32	70	114	101	105	116	97	103	63
 	W	e	i	ß	t	 	d	u	 	d	e	n	n	,	 	w	o	h	i	n	 	d	u	 	d	i	c	h	 	p	u	s	t	e	n	 	m	ö	c	h	t	e	s	t	?
 	W	a	r	u	m	 	w	ä	r	e	 	e	i	n	 	S	c	h	u	l	d	e	n	s	c	h	n	i	t	t	 	k	e	i	n	e	 	O	p	t	i	o	n	 	g	e	w	e	s	e	n	?
U	n	d	 	w	a	s	 	f	ü	r	 	e	i	n	 	S	i	g	n	a	l	 	f	ü	r	 	e	i	n	 	g	e	m	e	i	n	s	a	m	e	s	 	E	u	r	o	p	a	 	w	a	r	 	e	s	 	d	a	n	n	?
H	a	s	t	 	d	u	 	n	o	c	h	 	F	e	r	i	e	n	/	U	r	l	a	u	b	?
B	A	R	B	A	R	A	!	?
 	I	c	h	 	h	o	f	f	e	 	d	i	e	 	H	a	m	b	u	r	g	e	r	 	v	e	r	p	a	s	s	e	n	 	i	h	r	 	e	i	n	e	n	 	D	e	n	k	z	e	t	t	e	l	,	d	a	s	 	i	s	t	 	j	a	 	w	o	h	l	 	d	i	e	 	H	ö	h	e	 	o	d	e	r	 	w	a	s	?
 	W	i	e	 	w	ä	r	s	 	m	i	t	 	n	e	 	R	u	n	d	e	 	J	o	g	g	e	n	?
 	H	a	s	t	 	d	u	 	e	s	 	M	a	l	 	m	i	t	 	M	o	n	t	a	n	a	 	W	h	i	t	e	 	i	n	 	s	c	h	w	a	r	z	 	v	e	r	s	u	c	h	t	?
 	d	e	n	 	h	a	s	t	 	d	u	 	m	i	t	g	e	k	r	i	e	g	t	?
 	 	 	 	 	 	""""	 	S	e	h	r	 	g	u	t	e	 	I	d	e	e	 	""""	 	?	?	?	?	?	?	?
G	a	m	e	c	h	a	n	g	e	r	 	#	W	H	O	?
 	 	 	D	u	 	h	a	s	t	 	m	i	c	h	 	g	r	a	d	 	f	e	t	t	 	g	e	n	a	n	n	t	,	 	w	a	s	?
 	W	a	r	u	m	 	h	a	s	t	 	d	u	 	e	i	n	e	 	M	a	s	k	e	 	a	u	f	?
 	 	J	a	m	e	s	 	B	o	n	d	 	w	a	r	 	e	i	n	 	S	c	h	o	t	t	e	 	u	n	d	 	k	e	i	n	 	F	a	r	b	i	g	e	r	,	 	w	a	s	 	s	o	l	l	 	d	e	r	 	S	c	h	e	i	ß	?
 	 	N	a	c	h	 	""""	M	a	n	n	""""	.	.	.	w	a	s	 	d	e	n	n	 	s	o	n	s	t	?
H	u	n	d	,	 	K	a	t	z	e	,	 	M	a	u	s	,	 	E	l	e	f	a	n	t	?
 	W	a	s	 	i	s	t	 	m	i	t	 	d	e	r	 	S	h	o	p	-	S	e	i	t	e	 	l	o	s	?
2	3	0	0	 	L	e	u	t	e	 	h	a	b	e	n	 	d	i	e	s	e	n	 	T	w	e	e	t	 	g	e	l	e	s	e	n	 	u	n	d	 	n	u	r	 	1	1	0	 	L	i	k	e	s	?	!
G	E	H	T	'	S	 	N	O	C	H	?	?	!
 	W	i	e	 	g	e	f	ä	l	l	t	 	D	i	r	 	m	e	i	n	e	r	 	n	e	u	e	r	 	N	a	m	e	!	?
 	 	 	W	a	s	 	b	i	s	t	 	d	u	 	d	e	n	n	 	f	u	e	r	 	e	i	n	e	?
 	1	1	 	w	e	h	:	'	)	 	q	m	q	m	 	?	?
?
 	U	n	d	 	s	c	h	o	n	 	e	i	n	e	 	R	ü	c	k	m	e	l	d	u	n	g	?
 	 	 	 	 	 	L	e	b	e	n	 	d	i	e	 	K	i	n	d	e	r	 	d	e	n	n	 	g	e	s	ü	n	d	e	r	.	.	.	.	?
 	U	n	d	 	i	m	 	G	e	g	e	n	z	u	g	 	W	e	a	h	 	z	u	m	 	B	V	B	?
32	32	115	99	104	97	102	102	115	116	32	100	117	32	100	97	115	32	98	105	115	32	100	97	104	105	110	63	240	159	152	130	240	159	140	154
 	m	i	t	 	d	i	e	s	e	m	 	G	e	s	i	c	h	t	?
K	ö	n	n	t	e	 	i	c	h	 	s	i	e	 	k	o	n	t	a	k	t	i	e	r	e	n	 	p	e	r	 	D	M	?
 	b	i	s	t	 	d	u	 	v	o	r	 	o	r	t	?
 	H	ä	t	t	e	 	 	s	i	c	h	 	a	u	c	h	 	e	i	n	g	e	s	c	h	a	l	t	e	t	,	 	w	e	n	n	 	e	s	 	s	i	c	h	 	u	m	 	d	i	e	 	A	n	t	i	f	a	 	g	e	h	a	n	d	e	l	t	 	h	ä	t	t	e	?
U	n	d	 	s	c	h	a	l	t	e	n	 	S	i	e	 	i	m	 	N	o	v	e	m	b	e	r	 	w	i	e	d	e	r	 	e	i	n	 	z	u	 	e	i	n	e	r	 	n	e	u	e	n	 	F	o	l	g	e	 	v	o	n	 	""""	S	o	m	m	e	r	s	p	r	o	s	s	e	 	o	d	e	r	 	A	l	t	e	r	s	f	l	e	c	k	?	""""
S	P	D	-	R	e	f	e	r	e	n	t	i	n	:	 	D	i	e	 	D	e	u	t	s	c	h	e	n	 	h	a	b	e	n	 	k	e	i	n	 	R	e	c	h	t	 	a	u	f	 	H	e	i	m	a	t	?
E	i	n	 	W	a	s	s	e	r	e	i	s	 	a	l	s	o	?
S	o	l	l	 	i	c	h	 	e	s	 	n	u	n	 	a	n	s	c	h	a	u	e	n	 	o	d	e	r	 	n	i	c	h	t	?
U	n	d	 	w	i	e	 	w	a	r	 	e	u	e	r	 	W	o	c	h	e	n	e	n	d	e	?
""""	O	b	 	i	c	h	 	E	m	p	a	t	h	i	e	 	h	a	b	e	?
W	i	e	 	g	e	i	l	 	i	s	t	 	d	a	s	 	d	e	n	n	?
P	e	i	n	l	i	c	h	?
F	ü	r	 	w	e	n	?
 	A	l	s	o	 	j	o	 	u	n	d	 	A	l	e	x	 	?
S	e	i	t	 	w	a	n	n	 	a	r	b	e	i	t	e	n	 	d	i	e	 	S	o	z	e	n	?
 	F	ü	r	s	o	r	g	e	p	f	l	i	c	h	t	 	A	r	b	e	i	t	g	e	b	e	r	 	(	S	t	a	a	t	)	?	?	?	?
N	i	x	 	i	s	t	?
W	a	s	 	h	a	t	 	d	a	s	 	G	e	s	u	n	d	h	e	i	t	s	m	a	n	a	g	m	e	n	t	 	g	e	t	a	n	?	?
?
 	w	a	s	 	w	e	n	n	 	d	u	 	n	i	c	h	t	 	s	c	h	a	f	f	s	t	?
W	u	s	s	t	e	t	 	i	h	r	,	 	d	a	s	s	 	e	i	n	 	""""	b	e	e	r	 	h	o	l	d	i	n	g	 	b	e	l	t	-	b	u	c	k	l	e	""""	 	e	i	n	e	n	 	P	e	a	r	l	 	I	n	d	e	x	 	v	o	n	 	&	l	t	;	0	,	1	 	h	a	t	?	!
Ö	f	t	e	r	 	m	a	l	 	k	e	i	n	e	 	L	u	f	t	 	m	e	h	r	 	i	m	 	R	e	i	f	e	n	?
 	J	a	 	i	c	h	,	 	k	o	m	m	 	i	c	h	 	d	a	n	n	 	o	h	n	e	 	E	i	n	t	r	i	t	t	s	k	a	r	t	e	 	r	e	i	n	?
I	c	h	 	m	a	g	 	d	a	s	 	-	V	i	d	e	o	:	 	 	H	e	n	l	o	?
H	a	t	 	d	i	r	 	s	c	h	o	n	 	m	a	l	 	j	e	m	a	n	d	 	e	i	n	e	n	 	B	H	 	z	u	g	e	w	o	r	f	e	n	?
F	ü	r	 	w	e	n	 	h	ä	l	t	 	s	i	c	h	 	O	l	a	f	 	S	c	h	o	l	z	?
 	 	 	 	O	h	 	G	o	t	t	 	e	i	n	 	W	e	n	i	g	d	e	n	k	e	r	 	m	i	t	 	A	n	t	ä	n	z	e	r	 	i	m	 	P	r	o	f	i	l	 	?
#	O	S	R	A	M	 	-	 	N	e	u	e	r	 	S	c	h	w	u	n	g	 	ü	b	e	r	 	d	i	e	s	e	r	 	M	a	r	k	e	?
 	 	 	 	W	e	r	 	b	e	h	a	u	p	t	e	t	 	s	o	w	a	s	?
 	W	a	s	 	i	s	t	 	d	a	r	a	n	 	s	c	h	l	i	m	m	?
W	a	s	 	m	a	c	h	t	 	i	h	r	 	a	m	 	4	.	 	S	e	p	t	e	m	b	e	r	?
W	a	r	u	m	 	w	o	l	l	e	n	 	s	o	 	v	i	e	l	e	,	 	d	a	s	s	 	i	h	r	 	P	C	 	s	c	h	l	i	m	m	e	r	 	a	l	s	 	j	e	d	e	r	 	W	e	i	h	n	a	c	h	t	s	m	a	r	k	t	 	l	e	u	c	h	t	e	t	?
D	u	 	b	i	s	t	 	#	P	r	o	f	i	 	i	m	 	#	V	e	r	t	r	i	e	b	 	u	n	d	 	k	a	n	n	s	t	 	e	r	f	o	l	g	s	o	r	i	e	n	t	i	e	r	t	 	d	e	n	k	e	n	 	u	n	d	 	h	a	n	d	e	l	n	?
W	a	s	 	i	s	t	 	s	p	a	n	n	e	n	d	e	r	 	a	l	s	 	e	i	n	 	g	e	l	ö	s	t	e	s	 	R	ä	t	s	e	l	?
W	e	r	 	m	ö	c	h	t	e	 	b	e	i	 	u	n	s	 	a	r	b	e	i	t	e	n	?
W	e	l	c	h	e	 	P	o	t	e	n	t	i	a	l	e	 	g	i	l	t	 	e	s	 	i	n	 	D	i	r	 	z	u	 	w	e	c	k	e	n	?
 	 	z	a	h	l	s	t	 	d	u	 	d	e	n	n	 	w	e	l	c	h	e	?
 	 	G	i	b	t	'	s	 	d	a	 	a	u	c	h	 	'	n	e	 	A	p	p	 	f	ü	r	?
 	 	G	e	l	d	?	d	i	e	 	V	e	r	l	ä	n	g	e	r	u	n	g	 	h	a	b	e	 	i	c	h	 	n	i	c	h	t	 	v	e	r	s	t	a	n	d	e	n	.
 	S	i	e	h	t	 	m	a	n	 	s	i	c	h	 	w	i	e	d	e	r	 	a	u	f	 	d	e	r	 	G	C	?
""""	w	e	 	d	o	n	t	 	h	a	v	e	 	w	i	f	i	 	w	e	 	t	a	l	k	 	t	o	 	e	a	c	h	 	o	t	h	e	r	""""	 	e	h	h	 	w	ä	r	e	 	a	u	c	h	 	b	l	ö	d	 	w	e	n	n	 	n	i	c	h	t	 	d	a	 	w	i	r	 	u	n	s	 	h	i	e	r	 	i	m	 	s	p	r	e	c	h	s	t	u	n	d	e	n	z	i	m	m	e	r	 	b	e	f	i	n	d	e	n	?
(	W	e	r	b	u	n	g	)	 	H	a	t	 	j	e	m	a	n	d	 	s	p	o	n	t	a	n	 	L	u	s	t	 	m	i	t	 	u	n	s	 	d	u	r	c	h	 	d	e	n	 	M	a	t	s	c	h	 	z	u	 	k	r	a	b	b	e	l	n	?
 	W	e	i	l	 	a	u	f	 	#	M	e	n	A	r	e	T	h	r	a	s	h	 	v	i	e	l	l	e	i	c	h	t	 	n	i	c	h	t	 	g	e	r	a	d	e	 	d	i	e	 	S	t	i	l	l	e	n	 	a	n	k	l	a	g	e	n	?
I	c	h	:	 	H	e	y	 	G	e	h	e	i	m	n	i	s	,	 	w	i	e	 	h	a	t	 	d	i	r	 	d	i	e	 	S	e	r	i	e	 	g	e	f	a	l	l	e	n	,	 	d	i	e	 	i	c	h	 	d	i	r	 	e	m	p	f	o	h	l	e	n	 	h	a	b	e	n	?
G	i	b	t	 	e	s	 	e	t	w	a	s	 	s	c	h	ö	n	e	r	e	s	,	 	a	l	s	 	a	u	f	 	e	i	n	e	m	 	M	o	n	t	a	g	n	a	c	h	m	i	t	t	a	g	 	m	i	t	 	d	e	r	 	K	r	a	n	k	e	n	k	a	s	s	e	 	ü	b	e	r	 	d	e	r	e	n	 	R	e	c	h	t	e	 	u	n	d	 	P	f	l	i	c	h	t	e	n	 	z	u	 	d	i	s	k	u	t	i	e	r	e	n	?
K	a	n	n	 	m	i	r	 	j	m	d	 	e	r	k	l	ä	r	e	n	,	 	w	a	r	u	m	 	d	i	e	 	 	d	i	e	s	e	r	 	u	n	d	e	m	o	k	r	a	t	i	s	c	h	e	n	 	#	T	R	 	f	i	n	a	n	z	i	e	l	l	 	h	e	l	f	e	n	 	w	i	l	l	?
H	a	s	t	 	j	e	m	a	n	d	 	g	a	n	z	 	s	c	h	n	e	l	l	 	g	u	t	e	 	M	u	s	i	k	 	z	u	m	 	d	u	s	c	h	e	n	 	f	ü	r	 	m	i	c	h	 	?
N	e	t	f	l	i	x	 	a	n	d	 	C	h	i	l	l	?
W	o	 	i	s	t	 	n	u	r	 	d	i	e	 	#	S	e	e	n	o	t	r	e	t	t	u	n	g	 	w	e	n	n	 	F	r	a	u	 	s	i	e	 	w	i	r	k	l	i	c	h	 	b	r	a	u	c	h	t	?
 	j	a	 	e	s	 	m	u	s	s	 	d	o	c	h	 	e	i	n	e	r	 	f	e	s	t	l	e	g	e	n	 	w	e	l	c	h	e	 	h	a	d	i	t	h	e	n	 	s	u	n	n	a	h	 	s	i	n	d	 	u	n	d	 	z	B	 	f	a	t	w	a	s	 	v	e	r	a	n	l	a	s	s	e	n	,	 	w	o	h	e	r	 	d	i	e	 	a	u	t	o	r	i	t	ä	t	?
D	i	e	 	#	W	e	i	n	s	t	e	i	n	-	A	n	k	l	ä	g	e	r	i	n	 	s	t	e	h	t	 	n	u	n	 	s	e	l	b	s	t	 	a	m	 	P	r	a	n	g	e	r	:	 	H	a	t	 	A	s	i	a	 	#	A	r	g	e	n	t	o	 	e	i	n	e	n	 	1	7	-	J	ä	h	r	i	g	e	n	 	z	u	m	 	S	e	x	 	g	e	n	ö	t	i	g	t	?
 	W	i	r	d	 	m	a	n	 	d	i	c	h	 	e	r	k	e	n	n	e	n	?
?
 	2	0	 	G	ä	n	g	e	 	M	e	n	ü	 	?
*	e	t	w	a	s	 	d	u	m	m	e	s	 	p	a	s	s	i	e	r	t	 	m	i	r	 	u	n	d	 	i	c	h	 	h	a	b	 	g	a	n	z	 	k	l	a	r	 	s	e	l	b	s	t	s	c	h	u	l	d	*	"
"	"
"	i	c	h	:	 	h	a	h	a	 	o	k	a	y	 	w	e	r	 	v	o	n	 	e	u	c	h	 	n	e	i	d	e	r	n	 	h	a	t	 	a	u	g	e	 	g	e	m	a	c	h	t	?
?
F	:	 	w	i	e	 	w	a	r	 	d	e	i	n	 	W	o	c	h	e	n	e	n	d	e	?
W	a	r	u	m	 	n	u	r	 	f	ä	l	l	t	 	e	s	 	m	i	r	 	s	o	 	u	n	f	a	s	s	b	a	r	 	s	c	h	w	e	r	 	I	R	G	E	N	D	W	A	S	 	z	u	 	t	u	n	?	!
V	e	r	s	t	e	h	e	 	i	c	h	 	d	a	s	 	r	i	c	h	t	i	g	?
O	d	e	r	 	w	a	r	 	d	a	s	 	i	n	 	e	i	n	e	m	 	F	l	u	g	h	a	f	e	n	b	u	s	?
 	W	a	r	u	m	 	i	s	t	 	d	i	e	 	S	P	D	 	d	i	e	 	u	n	b	e	l	i	e	b	t	e	s	t	e	 	V	o	l	k	s	p	a	r	t	e	i	?
 	 	 	 	m	e	i	k	e	 	w	a	s	 	s	a	g	t	 	e	i	g	e	n	t	l	i	c	h	 	d	e	r	 	A	i	d	s	 	t	e	s	t	?
 	V	i	e	l	l	e	i	c	h	t	 	b	i	s	t	 	d	u	 	j	a	 	e	i	n	 	s	ü	ß	e	r	?	!	?
D	i	e	 	P	o	l	i	z	e	i	 	a	l	s	 	F	e	i	n	d	b	i	l	d	?
 	U	n	d	 	j	z	?
E	i	n	e	 	u	n	t	e	r	s	c	h	ä	t	z	t	e	 	G	e	f	a	h	r	?
 	 	R	e	c	h	t	s	r	u	m	?
W	i	e	 	f	i	n	d	e	t	 	i	h	r	 	m	e	i	n	e	 	n	e	u	e	n	 	P	r	o	f	i	l	b	i	l	d	e	r	?
W	i	e	 	v	i	e	l	 	s	i	n	d	 	d	e	n	n	 	„	s	e	h	r	 	v	i	e	l	e	“	?
E	c	h	t	 	j	e	t	z	t	.	.	.	"
"	H	m	m	m	 	w	e	l	c	h	e	s	 	T	h	e	m	a	 	i	s	t	 	d	e	n	n	 	w	i	c	h	t	i	g	?
W	o	r	ü	b	e	r	 	m	ü	s	s	e	n	 	w	i	r	 	u	n	b	e	d	i	n	g	t	 	s	c	h	r	e	i	b	e	n	?
D	u	 	k	e	n	n	s	t	 	i	n	 	S	t	.	 	P	ö	l	t	e	n	 	e	i	n	 	P	l	ä	t	z	c	h	e	n	,	 	d	e	m	 	m	e	h	r	 	P	f	l	a	n	z	e	n	 	r	i	c	h	t	i	g	 	g	u	t	 	t	u	n	 	w	ü	r	d	e	n	?
 	 	J	a	 	u	n	d	 	j	e	t	z	t	?
 	 	 	 	 	 	 	G	i	b	t	'	s	 	d	a	s	 	a	u	c	h	 	i	n	 	v	e	r	s	t	ä	n	d	l	i	c	h	?
W	a	s	 	h	e	i	s	s	t	 	w	o	?
#	w	i	n	d	i	n	d	u	s	t	r	i	e	 	T	Ü	V	 	a	u	c	h	 	f	ü	r	 	#	w	i	n	d	i	n	d	u	s	t	r	i	e	 	w	ä	r	e	 	d	o	c	h	 	g	u	t	 	?
 	I	n	 	m	e	i	n	e	r	 	W	o	h	n	u	n	g	 	a	u	f	 	7	 	q	m	 	K	ü	c	h	e	 	o	h	n	e	 	G	e	s	a	n	g	 	b	i	n	 	i	c	h	 	s	c	h	o	n	 	g	r	o	ß	?
 	 	 	D	a	n	n	 	b	i	n	 	i	c	h	 	d	a	s	 	g	r	ö	ß	t	e	 	L	ö	f	f	e	l	c	h	e	n	.	.	.	?
 	E	U	M	 	G	E	D	E	?
77	97	121	32	73	32	115	116	101	97	108	32	105	116	63	240	159	152	130	240	159	152	130	240	159	152	130
 	 	 	9	j	ä	h	r	i	g	e	?	?	?
#	I	n	f	l	u	e	n	c	e	r	M	a	r	k	e	t	i	n	g	 	o	d	e	r	 	#	I	n	f	l	u	e	n	c	e	r	R	e	l	a	t	i	o	n	s	?
 	W	a	n	n	 	k	o	m	m	t	 	d	i	e	 	Z	u	s	a	m	m	e	n	f	a	s	s	u	n	g	?
 	A	l	t	e	r	,	 	w	a	s	?
H	a	t	 	d	e	r	 	B	ü	r	g	e	r	m	e	i	s	t	e	r	 	a	u	s	 	#	D	ü	s	s	e	l	d	o	r	f	 	s	c	h	o	n	 	z	u	r	 	B	e	s	o	n	n	e	n	h	e	i	t	 	a	u	f	g	e	r	u	f	e	n	?	?
 	v	i	e	l	l	e	i	c	h	t	 	i	s	t	 	d	a	s	 	w	a	s	 	f	ü	r	 	D	i	c	h	?
32	74	97	32	100	97	32	107	97	110	110	32	105	99	104	32	100	97	110	110	32	97	117	99	104	32	103	97	110	122	32	115	105	99	104	101	114	32	100	97	98	101	105	32	115	101	105	110	240	159	152	141	240	159	152	141	10	87	105	101	32	108	97	110	103	101	32	105	110	32	101	116	119	97	63
#	M	o	n	t	a	g	s	l	a	e	c	h	e	l	n	 	2	.	0	"
"	O	b	 	d	a	s	 	j	e	t	z	t	 	z	u	r	 	G	e	w	o	h	n	h	e	i	t	 	w	i	r	d	?
 	 	 	D	u	 	o	f	f	e	n	s	i	c	h	t	l	i	c	h	 	a	u	c	h	 	n	i	c	h	t	,	 	a	l	s	 	d	e	i	n	e	n	 	r	a	s	s	i	s	t	i	s	c	h	e	n	 	M	ü	l	l	 	i	n	 	N	e	t	z	 	z	u	 	k	o	t	z	e	n	,	 	o	d	e	r	?
 	 	A	b	e	r	.	.	.	 	a	b	e	r	.	.	.	 	m	i	t	 	w	e	l	c	h	e	r	 	B	e	g	r	ü	n	d	u	n	g	?
71	97	114	100	101	110	32	70	108	111	119	101	114	115	32	98	121	32	68	97	118	105	100	32	87	111	108	102	102	104	116	116	112	115	58	47	47	105	116	117	110	101	115	46	97	112	112	108	101	46	99	111	109	47	103	98	47	97	112	112	47	103	97	114	100	101	110	45	102	108	111	119	101	114	115	47	105	100	49	50	48	55	52	53	55	51	54	53	63	109	116	61	56	32	226	157	164	239	184	143
 	 	 	 	H	e	r	b	e	i	g	e	r	u	f	e	n	?
K	e	n	n	t	 	i	h	r	 	F	i	l	m	e	 	w	o	 	W	e	s	p	e	n	 	s	t	e	r	b	e	n	?
W	a	s	 	k	a	n	n	 	i	c	h	 	m	a	c	h	e	n	 	g	e	g	e	n	 	?	?
V	i	e	l	 	S	p	a	ß	 	b	e	i	m	 	s	c	h	r	e	i	b	e	n	 	d	e	s	 	m	o	r	g	i	g	e	n	 	A	r	t	i	k	e	l	s	 	 	:	)	"
"	M	e	i	n	s	t	 	d	u	 	d	e	r	 	k	o	m	m	t	 	v	o	r	 	1	2	:	0	0	?
 	E	c	h	t	 	w	a	r	u	m	?
V	e	r	e	h	r	t	e	 	T	ü	r	k	e	n	 	(	d	a	r	f	 	m	a	n	 	E	u	c	h	 	n	o	c	h	 	s	o	 	a	n	s	p	r	e	c	h	e	n	,	 	o	d	e	r	 	i	s	t	 	d	a	s	 	s	c	h	o	n	 	w	i	e	d	e	r	 	»	r	a	s	s	i	s	t	i	s	c	h	«	?	)	.
F	:	 	w	i	e	 	w	a	r	 	d	e	i	n	 	W	o	c	h	e	n	e	n	d	e	?
 	s	o	l	l	t	e	s	t	 	D	u	 	n	i	c	h	t	 	d	a	s	 	B	e	t	t	 	h	ü	t	e	n	?
 	 	W	a	s	 	w	i	l	l	 	m	a	n	 	v	o	n	 	e	i	n	e	m	 	u	n	g	e	b	i	l	d	e	t	e	n	 	M	o	b	 	e	r	w	a	r	t	e	n	?
 	K	a	n	n	s	t	e	 	b	i	s	s	c	h	e	n	 	w	a	s	 	d	a	v	o	n	 	i	n	 	d	e	n	 	S	m	a	r	t	 	P	a	c	k	e	n	 	u	n	d	 	m	i	t	b	r	i	n	g	e	n	?
H	a	s	t	 	d	u	 	n	o	c	h	 	F	e	r	i	e	n	/	U	r	l	a	u	b	?
G	a	l	a	x	y	 	S	1	0	 	m	i	t	 	D	i	s	p	l	a	y	-	R	e	v	o	l	u	t	i	o	n	?
 	 	 	J	a	n	n	i	k	,	 	m	u	s	s	s	t	 	D	u	 	n	i	c	h	t	 	f	ü	r	 	d	i	e	 	S	c	h	u	l	e	 	l	e	r	n	e	n	?
 	 	w	a	s	 	s	a	g	e	n	 	s	i	e	 	d	a	z	u	?
 	S	o	l	l	 	i	c	h	 	d	i	r	 	e	i	n	e	n	 	a	n	d	e	r	e	n	 	O	h	r	w	u	r	m	 	g	e	b	e	n	?
 	W	a	s	 	s	o	l	l	 	d	e	n	n	 	s	e	i	n	?
S	i	e	 	h	a	b	e	n	 	F	r	a	g	e	n	 	a	n	 	B	u	n	d	e	s	m	i	n	i	s	t	e	r	 	 	o	d	e	r	 	F	o	r	m	e	l	-	1	-	W	e	l	t	m	e	i	s	t	e	r	 	?
w	e	l	c	h	e	 	e	u	r	e	r	 	k	ö	r	p	e	r	s	t	e	l	l	e	n	 	m	ö	g	t	 	i	h	r	?
I	n	 	d	i	e	s	e	m	 	F	a	l	l	 	n	i	c	h	t	 	H	e	r	r	 	S	t	e	g	n	e	r	 	?	.
W	a	r	u	m	 	d	a	n	n	 	n	i	c	h	t	 	a	u	c	h	 	d	i	e	 	T	ü	r	k	e	i	?	…
 	W	o	l	l	e	n	 	w	i	r	 	e	i	n	 	E	i	s	 	z	u	r	 	A	b	k	ü	h	l	u	n	g	 	e	s	s	e	n	?
 	 	 	w	e	r	 	m	a	g	 	n	e	t	a	n	j	a	h	u	 	?
 	W	e	r	 	k	a	u	f	t	 	s	i	c	h	 	d	e	n	n	 	e	i	n	e	n	 	K	o	f	f	e	r	 	f	ü	r	 	5	0	.	0	0	0	 	E	u	r	o	?
i	s	t	 	B	i	n	i	 	g	u	t	 	d	r	a	u	f	"
"	"
"	d	a	n	n	 	h	a	l	t	 	d	a	s	 	"
"	"
"	e	i	n	f	a	c	h	 	w	e	g	g	u	g	g	n	 	n	ä	?
S	c	h	l	e	c	h	t	 	i	n	 	P	h	o	t	o	s	h	o	p	 	-	 	w	i	e	 	v	e	r	h	a	l	t	e	 	i	c	h	 	m	i	c	h	 	r	i	c	h	t	i	g	?
B	r	a	i	n	s	t	o	r	m	i	n	g	 	i	m	 	#	A	f	D	-	F	ü	h	r	e	r	b	u	n	k	e	r	:	"
"	-	 	„	W	a	s	 	f	ä	l	l	t	 	u	n	s	 	d	e	n	n	 	z	u	 	D	e	u	t	s	c	h	l	a	n	d	 	e	i	n	,	 	w	a	s	 	m	a	c	h	t	 	D	e	u	t	s	c	h	l	a	n	d	 	f	ü	r	 	u	n	s	 	a	u	s	?	“	"
"	-	 	„	D	e	u	t	…
E	i	n	e	 	n	e	u	e	 	H	e	r	a	u	s	f	o	r	d	e	r	u	n	g	 	g	e	s	u	c	h	t	?
S	e	 	f	u	e	 	Z	u	b	e	l	d	i	a	?	?
63	240	159	145	128
F	a	l	l	s	 	U	N	 	g	e	h	e	n	 	s	o	l	l	t	e	,	 	ü	b	e	r	n	i	m	m	s	t	 	d	u	 	d	a	n	n	?
W	i	e	s	o	 	w	u	n	d	e	r	t	 	m	i	c	h	 	h	i	e	r	 	i	n	 	H	H	 	g	a	r	 	n	i	c	h	t	s	 	m	e	h	r	?
W	o	 	i	s	t	 	d	i	e	 	P	e	t	i	t	i	o	n	 	f	ü	r	 	d	i	e	 	B	e	i	b	e	h	a	l	t	u	n	g	 	d	e	s	 	S	o	m	m	e	r	s	?
I	s	t	 	d	a	s	 	K	u	n	s	t	,	 	o	d	e	r	 	k	a	n	n	 	d	a	s	 	w	e	g	?
 	 	S	t	e	l	l	e	n	 	s	i	e	 	e	i	n	f	a	c	h	 	F	r	a	g	e	n	 	a	u	s	 	L	a	n	g	e	w	e	i	l	e	?
W	a	n	n	 	e	s	 	w	o	h	l	 	a	u	f	h	ö	r	t	?
""""	A	u	s	l	ä	n	d	e	r	h	a	s	s	 	b	e	s	o	r	g	t	 	D	r	e	s	d	e	n	 	m	e	h	t	 	A	u	s	l	ä	n	d	e	r	""""	?
""""	W	i	e	 	k	a	n	n	 	d	i	e	 	S	P	D	 	e	n	d	l	i	c	h	 	d	i	e	 	W	e	n	d	e	 	s	c	h	a	f	f	e	n	?	""""
H	a	t	 	s	c	h	o	n	m	a	l	 	j	e	m	a	n	d	 	d	i	e	 	a	n	d	e	r	e	n	 	g	e	s	e	h	e	n	?
D	i	e	,	 	d	i	e	 	m	a	n	 	n	i	c	h	t	 	e	s	s	e	n	 	k	a	n	n	?
 	 	 	 	W	a	s	 	h	ä	l	t	s	t	 	d	u	 	d	a	v	o	n	?
 	 	E	l	e	k	t	r	i	s	c	h	?
W	i	e	 	v	i	e	l	e	 	p	r	e	d	i	g	e	n	d	e	 	B	e	s	s	e	r	m	e	n	s	c	h	e	n	 	w	a	r	e	n	 	s	c	h	o	n	 	3	x	 	i	n	 	I	n	d	i	e	n	,	 	B	a	l	i	,	 	N	e	p	a	l	?	…
W	a	s	 	k	a	n	n	 	i	c	h	 	m	a	c	h	e	n	 	g	e	g	e	n	 	?	?
 	.	.	.	.	n	a	.	.	.	.	i	s	t	 	d	e	n	n	 	d	e	r	 	H	r	 	S	c	h	o	l	z	 	d	e	s	 	L	e	s	e	n	s	 	ü	b	e	r	h	a	u	p	t	 	m	ä	c	h	t	i	g	?	?
?	I	c	h	 	m	e	i	n	e	 	n	i	c	h	t	 	n	u	r	 	B	u	c	h	s	t	a	b	e	n	 	l	e	s	e	n	,	…
 	 	 	G	i	b	t	s	 	M	e	n	s	c	h	e	n	,	 	d	i	e	 	d	a	s	 	n	i	c	h	t	 	m	ö	g	e	n	?
 	W	e	r	 	w	a	r	 	d	a	s	?
 	 	Ä	h	.	.	.	h	ä	?
G	i	b	t	 	e	s	 	i	n	 	#	E	s	s	e	n	 	k	e	i	n	e	 	T	r	a	m	 	m	e	h	r	?
E	i	n	e	 	n	e	u	e	 	H	e	r	a	u	s	f	o	r	d	e	r	u	n	g	 	g	e	s	u	c	h	t	?
 	w	i	e	s	o	 	p	o	s	t	e	s	t	 	d	u	 	d	a	s	 	?
S	c	h	l	i	m	m	s	t	e	 	E	n	t	s	c	h	e	i	d	u	n	g	 	d	e	s	 	T	a	g	e	s	?
 	U	n	d	 	g	a	b	'	s	 	n	e	 	R	e	a	k	t	i	o	n	?
 	I	s	t	 	n	i	c	h	t	 	n	o	c	h	 	e	i	n	e	 	W	o	c	h	e	 	l	ä	n	g	e	r	?
n	o	c	h	 	w	e	r	 	#	s	t	r	o	m	a	u	s	f	a	l	l	 	i	n	 	1	0	7	0	?
W	o	 	s	i	n	d	 	n	a	c	h	 	d	e	m	 	A	u	s	r	a	s	t	e	r	 	j	e	t	z	t	 	d	i	e	 	g	a	n	z	e	n	 	""""	g	u	t	e	n	""""	 	L	i	n	k	s	/	G	r	ü	n	e	n	?
 	 	 	 	 	W	i	e	 	l	a	u	t	e	t	 	j	e	t	z	t	 	d	i	e	 	r	i	c	h	t	i	g	e	 	A	n	t	w	o	r	t	?
 	D	a	n	n	 	w	i	l	l	 	a	b	e	r	 	a	u	c	h	 	n	i	e	m	a	n	d	 	m	e	h	r	 	d	a	h	i	n	 	u	n	d	 	s	t	r	e	a	m	e	n	.	.	.	?
 	W	a	r	u	m	 	b	i	s	t	 	d	u	 	a	u	f	 	s	o	 	e	i	n	e	r	 	k	r	a	n	k	e	n	 	S	e	i	t	e	?	!	?
W	a	r	u	m	 	d	a	n	n	 	n	i	c	h	t	 	a	u	c	h	 	d	i	e	 	T	ü	r	k	e	i	?	…
 	M	e	i	n	e	 	G	ö	t	t	i	n	 	?	?
?
 	Z	ä	h	l	e	n	 	d	a	z	u	 	a	u	c	h	 	S	i	l	v	e	s	t	e	r	 	B	ö	l	l	e	r	 	w	i	e	 	a	u	f	 	d	e	m	 	B	i	l	d	?
W	i	e	 	s	c	h	a	f	f	t	 	m	a	n	 	e	s	 	d	e	n	n	 	s	i	c	h	 	a	u	f	 	n	e	n	 	f	a	l	s	c	h	e	n	 	Z	ä	h	l	e	r	 	a	n	z	u	m	e	l	d	e	n	?
 	w	a	s	 	g	i	b	t	 	e	r	 	d	e	n	n	 	i	m	m	e	r	 	v	o	n	 	s	i	c	h	?
 	W	e	r	 	s	a	g	t	,	 	d	a	s	s	 	d	a	s	 	m	e	i	n	 	G	e	s	c	h	l	e	c	h	t	 	i	s	t	?
 	 	 	D	a	s	 	h	e	i	ß	t	 	i	c	h	 	k	a	n	n	 	j	e	t	z	t	 	0	,	7	%	 	G	E	Z	 	Z	a	h	l	u	n	g	 	k	ü	r	z	e	n	?
H	a	b	e	n	 	S	i	e	 	m	o	r	g	e	n	 	u	m	 	1	7	 	U	h	r	 	n	o	c	h	 	n	i	c	h	t	s	 	v	o	r	?
F	ä	h	r	t	 	z	u	f	ä	l	l	i	g	 	j	e	m	a	n	d	 	v	o	n	 	e	u	c	h	 	i	m	 	S	e	p	t	e	m	b	e	r	 	m	i	t	 	d	e	m	 	A	u	t	o	 	v	o	n	 	#	D	r	e	s	d	e	n	 	n	a	c	h	 	#	E	r	f	u	r	t	 	u	n	d	 	w	ü	r	d	e	 	m	e	i	n	e	 	M	u	t	t	e	r	 	u	n	d	 	m	i	c	h	 	m	i	t	n	e	h	m	e	n	?
w	a	s	 	m	a	c	h	t	 	m	a	n	 	s	o	 	w	e	n	n	 	m	a	n	 	a	l	l	e	i	n	e	 	i	s	t	?	?	?	?
N	a	s	c	h	t	 	i	h	r	 	a	u	c	h	 	s	o	 	g	e	r	n	e	?
W	o	h	e	r	 	i	c	h	 	d	a	s	 	w	e	i	ß	?
 	B	i	n	 	i	c	h	 	d	i	e	 	e	i	n	z	i	g	e	 	d	i	e	 	n	i	c	h	t	 	v	o	l	l	k	o	m	m	e	n	 	v	e	r	s	t	ö	r	t	 	i	s	t	?
D	e	i	n	e	 	E	l	t	e	r	n	 	s	i	n	d	 	d	i	e	 	m	i	t	 	d	e	m	 	I	m	b	i	s	s	 	o	d	e	r	?
 	W	a	n	n	 	h	ö	r	e	n	 	S	i	e	 	e	n	d	l	i	c	h	 	a	u	f	 	z	u	 	j	a	m	m	e	r	n	?
W	e	r	 	k	o	m	m	t	 	a	m	 	s	c	h	n	e	l	l	s	t	e	n	 	i	n	 	d	e	n	 	Ü	b	e	r	l	e	b	e	n	s	a	n	z	u	g	?
E	r	 	h	a	t	 	d	o	c	h	 	e	i	n	e	n	 	T	i	t	e	l	 	g	e	w	o	n	n	e	n	 	g	e	s	t	e	r	n	 	o	d	e	r	?
U	n	d	 	i	s	t	 	s	e	i	t	 	M	o	n	a	t	e	n	 	(	?
 	W	a	s	 	f	ü	r	 	e	i	n	e	r	 	s	o	l	l	s	 	d	e	n	n	 	s	e	i	n	?
K	u	r	z	,	 	l	a	n	g	,	 	m	a	s	c	u	l	i	n	,	 	f	e	m	i	n	i	n	,	 	n	e	u	t	r	a	l	?
W	i	r	d	 	e	r	 	E	S	 	a	u	s	s	p	r	e	c	h	e	n	?
 	L	e	t	z	t	e	 	P	r	e	i	s	?
W	a	s	 	e	i	g	e	n	t	l	i	c	h	 	w	a	r	 	d	a	s	 	W	o	c	h	e	n	e	n	d	-	T	r	e	f	f	e	n	 	P	u	t	i	n	-	M	e	r	k	e	l	 	a	u	f	 	S	c	h	l	o	s	s	 	M	e	s	e	b	e	r	g	 	b	e	i	 	B	e	r	l	i	n	?
240	159	152	138	240	159	152	183	86	105	101	108	108	101	105	99	104	116	32	50	48	49	57	32	63
""""	P	a	p	a	 	w	e	n	 	f	i	n	d	e	s	t	 	D	u	 	s	c	h	ö	n	e	r	,	 	M	a	m	a	 	o	d	e	r	 	m	e	i	n	e	n	 	n	e	u	e	n	 	S	t	o	c	k	?	""""
 	S	i	e	 	k	e	n	n	e	n	 	d	e	n	 	U	n	t	e	r	s	c	h	i	e	d	 	z	w	i	s	c	h	e	n	 	E	i	g	e	n	t	u	m	 	u	n	d	 	B	e	s	i	t	z	?
G	l	a	u	b	t	 	i	h	r	 	i	c	h	 	b	l	e	i	b	e	 	s	o	 	a	s	o	z	i	a	l	 	o	d	e	r	 	i	s	c	h	 	m	o	r	g	e	n	 	ä	l	l	e	s	 	o	v	e	r	?
69	105	110	32	119	101	110	105	103	32	70	105	110	97	110	122	32	75	110	111	119	45	72	111	119	32	122	117	109	32	87	111	99	104	101	110	115	116	97	114	116	32	240	159	152	137	32	35	77	111	110	100	97	121	77	111	116	105	118	97	116	105	111	110	10	10	195	156	98	101	114	108	101	103	115	116	32	100	117	44	32	111	98	32	73	110	118	101	115	116	105	101	114	101	110	32	109	111	109	101	110	116	97	110	32	122	117	32	116	101	117	101	114	32	105	115	116	63	226	128	166
 	m	a	c	h	s	t	 	d	u	 	u	s	e	r	f	i	c	k	t	r	e	f	f	e	n	?
 	S	c	h	o	n	 	S	t	r	a	f	a	n	t	r	a	g	 	w	e	g	e	n	 	D	r	e	s	d	e	n	 	g	e	s	t	e	l	l	t	?
W	a	s	 	m	a	c	h	e	n	 	S	a	c	h	e	n	?
 	S	i	n	d	 	d	i	e	 	T	e	i	l	e	 	d	e	n	 	m	i	t	 	P	r	i	m	e	r	 	g	r	u	n	d	i	e	r	t	?
I	s	t	 	d	a	s	 	e	i	n	 	l	i	f	e	 	g	o	a	l	?
 	W	i	e	s	o	 	l	e	i	d	e	r	?
 	M	i	t	 	w	e	l	c	h	e	m	 	a	r	m	 	s	o	l	l	e	n	 	d	i	e	 	d	a	n	n	 	F	o	r	t	n	i	t	e	 	s	p	i	e	l	e	n	 	?	?
H	a	t	 	T	r	u	m	p	 	e	i	g	e	n	t	l	i	c	h	 	n	o	c	h	 	i	m	m	e	r	 	n	i	c	h	t	s	 	z	u	 	K	o	f	i	 	A	n	n	a	n	 	g	e	s	a	g	t	?
„	I	s	t	 	d	a	s	 	e	i	n	 	D	a	m	e	n	-	 	o	d	e	r	 	e	i	n	 	H	e	r	r	e	n	s	a	k	k	o	?	“	"
"	„	K	e	i	n	e	 	A	h	n	u	n	g	.
32	32	79	104	32	100	101	114	32	83	99	104	111	108	122	46	46	46	195	182	104	109	109	46	46	240	159	164	148	46	46	32	119	101	114	32	105	115	116	32	100	97	115	63	46	46	46
 	 	W	ü	r	d	e	a	t	 	d	u	?
D	u	 	w	i	l	l	s	t	 	m	e	i	n	e	 	M	u	m	 	k	e	n	n	e	n	l	e	r	n	e	n	?
I	s	t	 	d	a	s	 	e	i	n	 	l	i	f	e	 	g	o	a	l	?
 	W	a	s	?	!	?	!
I	s	t	 	d	a	s	 	e	i	n	 	l	i	f	e	 	g	o	a	l	?
 	w	i	e	 	i	s	 	3	d	e	?
 	 	 	B	i	s	t	 	d	u	 	t	o	t	a	l	 	b	e	h	i	n	d	e	r	t	?
W	t	f	?
I	h	r	 	h	a	b	t	 	e	i	n	e	n	 	H	u	n	d	 	u	n	d	 	w	o	l	l	t	 	e	u	r	e	m	 	N	a	c	h	b	a	r	n	 	e	i	n	e	n	 	k	l	e	i	n	e	n	 	S	c	h	r	e	c	k	e	n	 	e	i	n	j	a	g	e	n	?
 	 	 	 	W	a	s	 	h	a	t	 	F	a	z	 	B	e	s	h	a	r	a	t	i	a	n	 	d	a	m	i	t	 	z	u	 	t	u	n	?
W	e	r	 	k	e	n	n	t	s	?
E	i	n	e	 	n	e	u	e	 	H	e	r	a	u	s	f	o	r	d	e	r	u	n	g	 	g	e	s	u	c	h	t	?
 	 	 	W	a	r	u	m	 	s	o	l	l	t	e	 	i	c	h	 	e	i	n	e	n	 	k	a	u	f	e	n	?
K	o	m	m	e	n	 	g	e	b	r	a	u	c	h	t	e	 	n	i	c	h	t	 	g	u	t	 	a	n	?
1	 	f	ü	r	 	G	h	o	s	t	s	 	3	s	 	G	B	s	?
*	e	t	w	a	s	 	d	u	m	m	e	s	 	p	a	s	s	i	e	r	t	 	m	i	r	 	u	n	d	 	i	c	h	 	h	a	b	 	g	a	n	z	 	k	l	a	r	 	s	e	l	b	s	t	s	c	h	u	l	d	*	"
"	"
"	i	c	h	:	 	h	a	h	a	 	o	k	a	y	 	w	e	r	 	v	o	n	 	e	u	c	h	 	n	e	i	d	e	r	n	 	h	a	t	 	a	u	g	e	 	g	e	m	a	c	h	t	?
?
 	w	e	l	l	i	c	h	t	?
 	T	h	x	 	f	ü	r	 	d	i	e	 	I	n	f	o	 	u	n	d	 	w	a	s	 	i	s	t	 	m	i	t	 	d	e	m	 	I	C	5	2	8	 	l	o	s	 	d	e	n	 	i	c	h	 	a	l	s	 	E	r	s	a	t	z	 	n	e	h	m	e	?
 	 	W	i	e	 	a	l	t	?
W	i	e	 	f	i	t	?
 	A	b	e	r	 	e	r	 	d	a	r	f	 	k	e	i	n	e	 	s	ü	ß	e	n	 	K	l	e	i	d	e	r	 	t	r	a	g	e	n	?
 	W	H	A	T	?	?	?
V	o	r	 	O	r	t	 	b	i	n	 	i	c	h	 	a	m	 	D	o	n	n	e	r	s	t	a	g	,	 	w	e	r	 	t	r	i	n	k	t	 	m	i	t	 	m	i	r	 	a	m	 	M	i	t	t	w	o	c	h	 	'	n	e	 	M	i	l	c	h	?
W	a	s	 	i	s	t	 	e	i	g	e	n	t	l	i	c	h	 	t	o	x	i	s	c	h	e	 	M	a	s	k	u	l	i	n	i	t	ä	t	?
 	H	o	e	h	?
–	 	B	e	n	u	t	z	t	 	i	h	r	 	n	o	c	h	 	M	e	r	k	v	e	r	s	e	?
W	i	e	 	h	a	t	 	K	u	r	z	 	e	i	g	e	n	t	l	i	c	h	 	d	i	e	 	m	ü	n	d	l	i	c	h	e	 	M	a	t	u	r	a	 	g	e	s	c	h	a	f	f	t	?
W	e	l	c	h	e	n	 	V	i	r	e	n	s	c	a	n	n	e	r	 	e	m	p	f	i	e	h	l	t	 	i	h	r	 	f	ü	r	 	L	i	n	u	x	?
 	W	o	 	k	a	n	n	 	m	a	n	 	d	i	c	h	 	b	e	i	 	d	e	r	 	G	a	m	e	s	c	o	m	 	t	r	e	f	f	e	n	?
w	e	r	 	k	a	m	 	e	i	g	e	n	t	l	k	i	c	h	 	a	u	f	 	d	i	e	 	b	l	ö	d	s	i	n	n	i	g	e	 	i	d	e	e	 	d	a	s	s	 	p	y	r	o	t	e	c	h	n	i	k	l	e	g	a	l	i	s	i	e	r	u	n	g	 	e	i	n	 	l	i	n	k	e	s	 	a	n	l	i	e	g	e	n	 	i	s	t	?
W	a	r	u	m	 	h	a	s	s	t	 	j	e	d	e	r	 	B	r	o	c	c	o	l	i	 	u	n	d	 	T	o	m	a	t	e	n	?
 	H	e	r	z	l	i	c	h	e	n	 	G	l	ü	c	k	w	u	n	s	c	h	,	 	h	e	i	ß	t	 	d	a	s	 	w	e	i	t	e	r	h	i	n	 	s	o	 	v	i	e	l	 	P	e	n	d	e	l	n	?
W	a	s	 	h	a	b	t	 	i	h	r	?
E	i	n	 	l	e	t	z	t	e	r	 	V	e	r	s	u	c	h	 	x	D	 	j	m	d	 	I	n	t	e	r	e	s	s	e	 	a	n	 	d	i	e	s	e	n	 	M	a	n	g	a	s	?	^	^
 	 	A	l	s	 	w	a	s	 	b	i	t	t	e	 	z	a	h	l	t	 	d	e	r	 	2	1	 	j	ä	h	r	i	g	e	 	P	i	r	a	t	 	i	n	 	d	i	e	 	R	e	n	t	e	n	k	a	s	s	e	 	e	i	n	?
W	a	l	l	a	c	e	 	A	n	d	r	e	o	?
K	a	n	n	 	m	a	n	 	n	i	c	h	t	 	d	e	n	 	S	p	r	e	c	h	e	r	 	v	o	n	 	A	n	n	o	 	1	6	0	2	 	f	ü	r	 	d	e	n	 	B	u	n	d	e	s	t	a	g	 	e	n	g	a	g	i	e	r	e	n	?
 	 	S	i	n	n	?
Z	u	s	a	m	m	e	n	h	a	n	g	?
W	i	e	n	e	r	 	W	o	h	n	u	n	g	e	n	 	s	i	n	d	 	w	e	r	t	l	o	s	?
H	u	n	d	:	 	""""	W	a	r	 	d	a	s	 	g	e	r	a	d	e	 	d	e	r	 	K	ü	h	l	s	c	h	r	a	n	k	?	""""
 	 	 	G	i	l	t	 	w	e	i	t	e	r	h	i	n	,	 	S	i	e	 	ü	b	e	r	l	e	s	e	n	 	v	i	e	l	l	e	i	c	h	t	 	g	e	r	n	e	?
 	 	U	n	d	?
 	W	a	s	 	g	i	b	t	s	 	e	i	n	 	l	o	l	l	y	 	?	?
L	i	f	e	h	a	c	k	s	 	a	t	a	u	 	m	a	l	e	s	-	m	a	l	e	s	a	n	?
43	43	43	32	73	110	32	119	97	115	32	102	195	188	114	32	101	105	110	101	114	32	240	159	141	140	45	82	101	112	117	98	108	105	107	32	108	101	98	101	110	32	119	105	114	32	105	110	32	240	159	135	169	240	159	135	170	32	109	105	116	116	108	101	114	119	101	105	108	101	63
E	r	i	n	n	e	r	s	t	 	d	u	 	d	i	c	h	 	n	o	c	h	,	 	w	a	n	n	 	d	u	 	d	i	c	h	 	f	ü	r	 	T	w	i	t	t	e	r	 	r	e	g	i	s	t	r	i	e	r	t	 	h	a	s	t	?
H	e	i	k	e	 	h	a	h	n	 	h	a	t	 	d	i	e	 	-	A	u	f	g	a	b	e	 	g	e	s	c	h	a	f	f	t	 	E	i	n	 	Z	u	f	a	l	l	?
#	J	u	u	l	i	n	g	:	 	W	a	s	 	s	t	e	c	k	t	 	h	i	n	t	e	r	 	d	i	e	s	e	m	 	#	n	e	u	e	n	 	#	T	r	e	n	d	?
 	 	H	ä	r	t	e	r	?
 	 	 	 	 	 	 	 	N	e	u	e	r	 	p	l	s	?
W	O	 	B	I	S	T	 	D	U	 	A	L	T	E	R	 	Z	A	U	B	E	R	E	R	?	?
K	e	n	n	t	 	i	h	r	 	F	i	l	m	e	 	w	o	 	W	e	s	p	e	n	 	s	t	e	r	b	e	n	?
 	L	i	e	b	l	i	n	g	s	e	s	s	e	n	?
M	ö	g	l	i	c	h	e	r	w	e	i	s	e	 	I	r	a	n	 	?
 	w	a	n	n	 	i	s	t	 	d	i	e	?
 	u	n	d	 	 	w	i	e	s	o	 	w	i	r	d	 	d	i	e	 	E	i	n	t	r	a	c	h	t	 	m	i	t	 	P	e	r	s	o	n	a	l	 	d	e	s	 	A	b	s	t	e	i	g	e	r	s	 	b	e	s	s	e	r	?
„	I	s	t	 	d	a	s	 	e	i	n	 	D	a	m	e	n	-	 	o	d	e	r	 	e	i	n	 	H	e	r	r	e	n	s	a	k	k	o	?	“	"
"	„	K	e	i	n	e	 	A	h	n	u	n	g	.
I	h	r	 	f	r	a	g	t	 	e	u	c	h	:	 	w	a	s	 	i	s	t	 	d	a	s	 	e	i	g	e	n	t	l	i	c	h	,	 	d	i	e	s	e	s	 	#	S	e	e	b	r	ü	c	k	e	 	&	a	m	p	;	 	#	S	e	e	b	r	ü	c	k	e	W	t	a	l	?
 	M	e	i	n	e	 	A	u	t	o	 	K	o	r	r	e	k	t	u	r	 	i	s	t	 	e	i	n	 	A	r	s	c	h	l	o	c	h	 	i	c	h	 	h	a	b	 	W	h	y	y	y	?	?
2	3	0	0	 	L	e	u	t	e	 	h	a	b	e	n	 	d	i	e	s	e	n	 	T	w	e	e	t	 	g	e	l	e	s	e	n	 	u	n	d	 	n	u	r	 	1	1	0	 	L	i	k	e	s	?	!
G	E	H	T	'	S	 	N	O	C	H	?	?	!
V	i	e	l	l	e	i	c	h	t	 	k	a	p	i	e	r	e	n	 	d	a	s	 	i	r	g	e	n	d	w	a	n	n	 	 	 	 	 	a	u	c	h	?
 	 	 	 	 	 	 	 	 	W	i	t	z	?
 	A	d	ä	q	u	a	t	e	s	 	W	e	t	t	e	r	 	=	 	s	o	 	w	i	e	 	i	c	h	’	s	 	g	e	r	n	 	h	ä	t	t	e	?
 	B	r	u	d	i	 	w	a	s	 	i	s	t	 	d	a	 	m	i	t	 	d	e	r	 	T	ü	r	 	l	o	s	?
K	r	a	t	z	e	r	 	o	d	e	r	 	D	r	e	c	k	?
32	87	97	115	32	105	110	116	101	114	101	115	115	105	101	114	116	32	100	101	105	110	32	75	105	110	100	63	240	159	164	148
L	i	f	e	h	a	c	k	s	 	a	t	a	u	 	m	a	l	e	s	-	m	a	l	e	s	a	n	?
 	U	n	d	 	w	o	h	e	r	 	w	o	l	l	e	n	 	S	i	e	 	w	i	s	s	e	n	 	d	a	s	 	d	i	e	 	P	o	l	i	z	e	i	 	n	i	c	h	t	s	 	t	u	t	?
E	i	n	e	 	n	e	u	e	 	H	e	r	a	u	s	f	o	r	d	e	r	u	n	g	 	g	e	s	u	c	h	t	?
W	a	s	 	w	i	r	d	 	m	o	r	g	e	n	 	l	ä	n	g	e	r	?
D	e	r	 	A	s	A	 	o	d	e	r	 	'	s	 	W	a	l	l	o	f	 	T	e	x	t	?
 	 	E	r	i	n	n	e	r	t	 	m	i	c	h	 	a	n	 	e	i	n	e	n	 	e	h	m	a	l	s	,	 	d	i	c	k	e	n	 	S	P	D	 	K	a	t	e	r	 	.	.	.	 	"
"	N	a	,	 	w	e	r	 	e	r	k	e	n	n	t	 	i	h	n	?
H	e	i	m	a	t	?
F	ü	r	 	w	e	n	?
240	159	165	129	32	240	159	165	129	32	240	159	165	129	32	240	159	165	129	32	10	10	68	101	118	111	110	32	77	105	108	101	115	32	102	114	111	109	32	68	114	117	109	108	105	110	101	32	111	114	32	68	101	111	108	105	110	32	77	101	107	111	97	32	63
 	 	W	o	r	u	m	 	g	e	h	t	'	s	 	?
1	 	f	ü	r	 	G	h	o	s	t	s	 	3	s	 	G	B	s	?
K	e	n	n	t	 	i	h	r	 	d	a	s	,	 	w	e	n	n	 	i	h	r	 	G	e	l	d	 	s	p	a	r	e	n	 	w	o	l	l	t	,	 	e	u	c	h	 	a	b	e	r	 	a	u	c	h	 	B	ü	c	h	e	r	 	k	a	u	f	e	n	 	m	ö	c	h	t	e	t	?
#	V	f	B	S	t	u	t	t	g	a	r	t	:	 	M	i	t	 	m	e	h	r	 	K	r	e	a	t	i	v	i	t	ä	t	 	n	a	c	h	 	E	u	r	o	p	a	?
 	U	n	d	 	w	o	 	s	i	n	d	 	d	i	e	 	T	a	s	c	h	e	n	.	.	.	?	?
M	e	i	n	 	n	e	u	e	r	 	A	r	t	i	k	e	l	:	 	R	e	c	h	t	f	e	r	t	i	g	u	n	g	 	d	e	s	 	#	U	S	 	-	V	e	r	t	e	i	d	i	g	u	n	g	s	e	t	a	t	s	?
m	a	n	 	m	e	r	k	t	 	e	s	 	d	o	c	h	 	w	e	n	n	 	i	c	h	 	v	o	n	 	e	t	w	a	s	 	g	e	n	e	r	v	t	 	b	i	n	 	o	d	e	r	 	m	i	c	h	 	e	t	w	a	s	 	v	e	r	l	e	t	z	t	?	?
?
 	W	i	e	 	g	e	h	t	 	e	s	 	d	i	r	,	 	m	e	i	n	 	K	ö	n	i	g	?
 	W	a	s	 	s	o	l	l	t	e	 	m	a	n	 	d	a	 	h	a	t	e	n	?
 	V	e	r	h	e	r	r	l	i	c	h	u	n	g	 	v	o	n	 	V	ö	l	k	e	r	m	o	r	d	 	n	i	c	h	t	 	s	t	r	a	f	b	a	r	?
 	I	s	t	 	e	i	n	 	v	e	r	h	ö	h	n	e	n	d	e	s	 	""""	w	a	r	m	e	 	S	a	n	i	e	r	u	n	g	""""	 	z	u	 	d	e	n	 	F	o	l	g	e	n	 	d	e	r	 	M	e	i	n	u	n	g	s	f	r	e	i	h	e	i	t	 	a	n	d	e	r	e	r	 	d	a	n	n	 	a	u	c	h	 	n	o	c	h	 	d	e	m	k	r	a	t	i	s	c	h	?
G	e	l	l	 	?	!
S	P	D	-	R	e	f	e	r	e	n	t	i	n	:	 	D	i	e	 	D	e	u	t	s	c	h	e	n	 	h	a	b	e	n	 	k	e	i	n	 	R	e	c	h	t	 	a	u	f	 	H	e	i	m	a	t	?
 	I	s	t	 	d	a	s	 	d	e	r	 	P	e	n	i	s	 	v	o	n	 	H	u	l	k	?
 	 	W	o	 	k	a	n	n	 	m	a	n	 	d	e	n	n	 	d	i	e	 	F	o	l	g	e	 	v	o	n	 	l	e	t	z	t	e	r	 	N	a	c	h	t	 	a	n	s	c	h	a	u	e	n	?
G	i	b	t	 	e	s	 	e	i	n	e	n	 	P	e	r	s	o	n	a	l	e	r	 	i	n	 	d	e	r	 	R	u	n	d	e	 	d	e	r	 	s	i	c	h	 	m	a	l	 	m	e	i	n	e	 	B	e	w	e	r	b	u	n	g	 	k	u	r	z	 	a	n	s	c	h	a	u	t	?
 	W	a	r	u	m	 	s	o	l	l	t	e	 	d	i	e	 	P	o	l	i	z	e	i	 	s	i	c	h	 	i	n	 	A	n	b	e	t	r	a	c	h	t	 	s	o	l	c	h	e	r	 	Z	u	s	t	ä	n	d	e	 	e	n	t	s	c	h	u	l	d	i	g	e	n	?
W	a	r	t	 	i	h	r	 	s	c	h	o	n	 	a	u	f	 	d	e	m	 	K	l	o	?
 	I	s	t	 	d	a	s	 	U	r	l	a	u	b	,	 	o	d	e	r	 	d	e	r	 	e	i	g	e	n	e	 	P	o	o	l	,	 	w	e	i	l	 	d	i	e	 	A	n	l	e	g	e	r	W	e	b	s	i	t	e	 	s	o	 	g	u	t	 	f	u	n	k	t	i	o	n	i	e	r	t	?
H	ä	t	t	e	s	t	 	d	u	 	d	a	s	 	g	e	d	a	c	h	t	?
W	a	s	 	h	a	l	t	e	t	 	i	h	r	 	v	o	m	 	H	o	n	o	r	 	1	0	?
h	a	t	 	z	u	f	ä	l	l	i	g	 	j	e	m	a	n	d	 	e	i	n	e	n	 	e	v	e	n	t	i	m	 	g	u	t	s	c	h	e	i	n	 	d	e	n	 	e	r	 	n	i	c	h	t	 	b	r	a	u	c	h	t	?
D	a	t	i	v	 	o	d	e	r	 	G	e	n	i	t	i	v	?
 	 	 	 	 	 	 	 	 	 	S	i	c	h	e	r	 	?
 	H	a	l	o	 	w	i	e	h	 	g	e	h	t	 	e	s	s	 	d	i	r	?
W	e	n	 	i	n	t	e	r	e	s	s	i	e	r	t	 	d	i	e	s	e	r	 	H	o	k	u	s	p	o	k	u	s	?
32	32	87	97	115	32	105	115	116	32	109	105	116	32	100	101	109	32	240	159	144	157	32	79	117	116	102	105	116	63
I	M	 	S	E	X	Y	n	i	m	 	c	a	n	 	u	 	s	t	o	p	?	?
 	 	L	i	e	b	e	r	 	U	w	e	 	e	s	 	g	i	b	t	 	w	o	h	l	 	m	e	h	r	 	a	l	s	 	n	u	r	 	e	i	n	e	 	N	a	c	h	r	i	c	h	t	 	a	m	 	T	a	g	?
W	h	o	 	r	u	n	 	t	h	e	 	w	o	r	l	d	 	w	i	d	e	 	w	e	b	?
 	W	e	l	c	h	e	r	 	e	t	h	i	s	c	h	 	u	n	d	 	c	h	a	r	a	k	t	e	r	l	i	c	h	 	m	i	n	d	e	r	 	b	e	m	i	t	t	e	l	t	e	 	M	e	n	s	c	h	 	h	a	t	 	d	a	s	 	v	o	n	 	s	i	c	h	 	g	e	g	e	b	e	n	?
S	o	l	l	t	e	 	D	e	u	t	s	c	h	l	a	n	d	 	d	i	e	 	T	ü	r	k	e	i	 	u	n	t	e	r	s	t	ü	t	z	e	n	?
U	g	h	 	w	a	r	u	m	 	k	a	n	n	 	m	e	i	n	 	K	ö	r	p	e	r	 	n	i	c	h	t	 	w	e	i	n	e	n	,	 	w	e	n	n	 	e	r	 	s	i	c	h	 	d	a	n	a	c	h	 	f	ü	h	l	t	 	u	n	d	 	m	a	c	h	t	 	e	s	 	d	a	n	n	 	n	u	r	 	w	e	n	n	 	e	s	 	m	i	r	 	n	i	c	h	t	 	p	a	s	s	t	?
 	K	a	n	n	s	t	 	d	u	 	a	u	f	n	e	h	m	e	n	?
„	1	 	S	t	ü	c	k	 	P	f	l	a	u	m	e	n	k	u	c	h	e	n	,	 	b	i	t	t	e	.	“	"
"	"
"	„	W	o	s	 	m	ä	c	h	s	t	?	“	"
"	"
"	„	1	 	S	t	ü	c	k	 	v	o	m	 	P	f	l	a	u	m	e	n	k	u	c	h	e	n	.	“	"
"	"
"	„	H	o	b	 	I	 	n	e	t	.	“	"
"	"
"	„	A	b	e	r	 	d	a	s	 	d	a	!	“	"
"	"
"	„	D	e	s	 	i	s	 	a	 	D	a	t	s	c	h	…
87	97	114	117	109	32	104	105	101	108	116	32	115	105	101	32	100	101	110	110	32	110	105	99	104	116	32	101	105	110	101	32	65	114	109	108	195	164	110	103	101	32	65	98	115	116	97	110	100	63	240	159	164	148	240	159	152	139
H	o	e	n	e	ß	 	h	a	t	 	-	 	l	a	u	t	 	S	p	r	i	n	g	e	r	 	-	 	w	ä	h	r	e	n	d	 	d	e	r	 	W	M	 	b	e	i	 	d	e	r	 	N	1	1	 	a	n	g	e	r	u	f	e	n	 	u	n	d	 	""""	v	o	r	 	e	i	n	e	m	 	E	i	n	s	a	t	z	 	v	o	n	 	Ö	z	i	l	 	g	e	w	a	r	n	t	""""	?	!
 	 	B	e	n	u	t	z	t	 	D	u	 	W	e	i	c	h	s	p	ü	l	e	r	?
 	W	a	s	 	s	o	l	l	e	n	 	d	i	e	 	A	n	s	a	g	e	n	 	i	n	 	T	e	l	t	o	w	 	m	i	t	 	d	e	r	 	S	2	?
W	a	s	 	s	o	l	l	 	d	i	e	 	V	e	r	a	r	s	c	h	e	?
 	""""	K	ö	n	n	t	e	s	t	 	d	u	 	b	i	t	t	e	 	d	i	e	 	S	p	ü	l	m	a	s	c	h	i	n	e	 	a	u	s	r	ä	u	m	e	n	?	""""
 	 	F	ü	r	 	w	a	s	 	h	a	m	 	d	i	e	 	d	e	n	n	 	H	u	n	d	e	s	t	a	f	f	e	l	n	?
 	 	W	i	e	 	a	l	t	?
W	i	e	 	f	i	t	?
""""	W	i	l	l	s	t	 	d	u	'	n	 	B	i	e	r	?	""""
*	A	u	g	e	n	r	o	l	l	e	n	*	"
"	""""	W	o	l	l	t	 	I	H	R	 	e	i	n	 	B	i	e	r	?	""""
I	m	 	s	t	r	e	a	m	 	w	u	r	d	e	 	g	e	r	a	d	e	 	g	e	s	a	g	t	 	d	a	s	s	 	e	r	s	t	e	 	a	u	t	o	s	 	a	u	f	g	e	s	c	h	r	i	e	b	e	n	 	(	u	n	d	 	a	b	s	c	h	l	e	p	p	u	n	g	 	e	i	n	g	e	l	e	i	t	e	t	 	w	i	r	d	?	)
W	i	e	 	g	e	h	t	'	s	 	d	i	r	?
 	w	a	n	n	 	w	i	r	d	 	e	n	d	l	i	c	h	 	i	m	 	D	o	r	t	m	u	n	d	e	r	 	S	ü	d	e	n	 	d	a	s	 	D	S	L	 	N	e	t	z	 	v	e	r	n	ü	n	f	t	i	g	 	a	u	s	g	e	b	a	u	t	?
B	i	s	t	 	d	u	 	T	ü	r	k	e	?
 	O	b	 	d	i	e	s	e	 	U	S	B	-	ü	b	e	r	-	C	a	t	5	-	E	x	t	e	n	d	e	r	 	a	u	c	h	 	g	a	l	v	a	n	i	s	c	h	 	e	n	t	k	o	p	p	e	l	t	 	s	i	n	d	?
N	a	c	h	h	e	r	 	k	u	r	z	 	s	t	ä	r	k	e	n	 	b	e	i	 	G	i	n	o	 	d	e	m	 	H	u	s	o	 	i	m	 	#	R	o	t	e	s	h	e	r	z	 	w	e	r	 	i	s	t	 	m	i	t	 	d	a	b	e	i	?
H	a	l	l	o	 	,	 	i	s	t	 	e	u	c	h	 	""""	R	e	c	h	e	r	c	h	e	""""	 	e	i	n	 	B	e	g	r	i	f	f	,	 	o	d	e	r	 	s	c	h	r	e	i	b	t	 	i	h	r	 	i	m	m	e	r	 	n	a	c	h	 	d	e	m	 	B	a	u	c	h	g	e	f	ü	h	l	?
I	s	t	 	d	a	s	 	e	i	n	 	l	i	f	e	 	g	o	a	l	?
G	i	b	t	 	e	s	 	j	e	t	z	t	 	s	c	h	o	n	 	d	i	e	s	e	 	g	a	n	z	 	f	i	e	s	e	n	 	A	P	I	 	l	i	m	i	t	s	 	b	e	i	 	T	w	i	t	t	e	r	?
W	I	E	 	V	E	R	M	E	I	D	E	T	 	M	A	N	 	H	A	R	S	C	H	E	 	W	O	R	T	E	?
 	H	a	n	l	o	n	‘	s	 	R	a	z	o	r	 	o	d	e	r	 	d	o	c	h	 	D	r	o	h	g	e	b	ä	r	d	e	n	 	e	i	n	e	s	 	K	r	a	k	e	n	?
 	H	a	s	t	 	d	u	 	s	c	h	o	n	 	d	e	n	 	T	r	a	i	l	e	r	 	z	u	 	A	l	f	o	n	s	o	 	C	u	a	r	o	n	s	 	""""	R	o	m	a	""""	 	g	e	s	e	h	e	n	?
 	B	o	a	h	,	 	w	e	n	 	s	o	l	l	 	i	c	h	 	v	e	r	h	a	u	e	n	?
 	w	i	e	 	s	ü	ß	 	i	s	t	 	d	i	e	s	e	s	 	g	i	f	 	b	i	t	t	e	?
R	T	 	 	B	o	a	t	e	n	g	-	A	b	g	a	n	g	?
W	a	s	 	i	h	r	 	t	u	n	 	m	ü	s	s	t	?
B	e	a	c	h	-	F	e	e	l	i	n	g	 	e	r	w	ü	n	s	c	h	t	?
*	*	*	 	h	a	s	t	 	d	u	 	s	c	h	o	n	 	Z	u	k	u	n	f	t	s	p	l	ä	n	e	?
A	l	l	e	s	 	k	l	a	r	o	?
H	i	l	f	e	 	i	n	 	d	e	r	 	L	i	r	a	-	K	r	i	s	e	?
W	O	 	B	I	S	T	 	D	U	 	A	L	T	E	R	 	Z	A	U	B	E	R	E	R	?	?
V	a	m	p	y	r	 	#	0	1	1	 	D	a	s	 	W	u	n	d	e	r	h	e	i	l	m	i	t	t	e	l	!	?
F	Ü	N	F	 	A	r	e	n	a	l	e	i	t	e	r	 	i	n	 	n	u	r	 	3	0	 	M	i	n	u	t	e	n	?	!
I	s	t	 	d	a	s	 	ü	b	e	r	h	a	u	p	t	 	m	ö	g	i	c	h	?
O	p	t	i	m	i	s	m	u	s	 	?
 	1	0	0	g	 	v	o	n	 	w	a	s	?
W	a	s	 	b	e	d	e	u	t	e	t	 	d	a	s	?
 	H	a	b	e	n	 	S	i	e	 	v	e	r	s	u	c	h	t	 	e	i	n	m	a	l	 	n	e	u	 	z	u	 	s	t	a	r	t	e	n	?
B	l	u	t	m	o	n	d	 	i	n	 	B	a	h	r	a	i	n	?	?
M	e	i	n	e	 	M	u	t	t	e	r	?	?	?
?
""""	W	i	e	 	h	e	i	ß	t	 	d	i	e	 	a	m	 	m	e	i	s	t	e	n	 	v	e	r	k	a	u	f	t	e	 	B	r	o	t	s	o	r	t	e	?	""""
""""	U	n	d	 	w	e	l	c	h	e	 	w	i	r	d	 	a	m	 	z	w	e	i	t	h	ä	u	f	i	g	s	t	e	n	 	v	e	r	l	a	n	g	t	?	""""
K	a	n	n	 	m	a	n	 	d	a	s	 	s	o	 	s	a	g	e	n	?
D	ü	r	f	e	n	 	A	r	b	e	i	t	n	e	h	m	e	r	 	w	ä	h	r	e	n	d	 	d	e	r	 	A	r	b	e	i	t	s	z	e	i	t	 	z	u	m	 	A	r	z	t	 	g	e	h	e	n	?
W	a	r	s	t	 	D	u	 	d	i	e	s	e	s	 	J	a	h	r	 	b	e	i	 	d	e	r	 	P	r	i	d	e	?
O	d	e	r	 	g	e	h	s	t	 	D	u	 	n	o	c	h	 	h	i	n	?
 	 	W	a	s	 	k	o	m	m	s	t	 	d	u	 	m	i	t	 	H	u	r	e	n	s	o	h	n	 	m	a	n	z	u	r	?
W	a	a	r	o	m	 	d	r	a	g	e	n	 	z	e	 	e	i	g	e	n	l	i	j	k	 	w	a	p	e	n	s	?
W	o	z	u	 	h	a	b	e	n	 	d	i	e	 	e	i	g	e	n	t	l	i	c	h	 	w	a	f	f	e	n	?
 	Z	ä	h	l	e	n	 	m	e	h	r	e	r	e	 	K	o	m	m	e	n	t	a	r	e	 	v	o	n	 	e	i	n	e	r	 	P	e	r	s	o	n	?
W	i	e	 	w	ä	r	e	 	e	s	 	d	a	m	i	t	?
 	K	a	n	n	 	m	a	n	 	s	e	i	n	e	n	 	P	l	a	n	e	t	e	n	 	e	i	g	e	n	t	l	i	c	h	 	u	m	t	a	u	s	c	h	e	n	?
 	i	c	h	 	h	a	b	 	j	a	 	s	o	g	a	r	 	n	e	 	B	a	h	n	c	a	r	d	"
"	"
"	a	b	e	r	 	4	0	 	=	 	4	h	 	w	e	n	i	g	e	r	 	v	e	r	p	l	e	m	p	e	r	n	?
 	 	 	B	o	a	h	,	 	d	a	s	 	B	l	i	t	z	a	 	;	_	_	_	_	;	 	(	b	t	w	 	w	a	n	n	 	f	l	i	e	g	s	t	 	d	u	?
""""	K	a	r	i	n	,	 	w	i	l	l	s	t	 	d	u	 	m	i	c	h	 	h	e	i	r	a	t	e	n	?	""""
W	i	e	 	s	i	n	d	 	S	i	e	 	d	e	n	n	 	d	r	a	u	f	 	g	e	k	o	m	m	e	n	?
 	H	a	h	a	 	w	a	r	s	t	 	d	u	 	a	u	f	 	d	e	r	 	K	a	n	a	d	i	s	c	h	e	n	 	T	w	i	t	t	e	r	s	e	i	t	e	 	f	ü	r	 	L	G	B	T	Q	 	X	D	 	?
 	 	 	 	H	a	s	t	 	d	u	 	d	a	s	 	r	i	c	h	t	i	g	e	 	D	o	k	u	m	e	n	t	 	v	e	r	l	i	n	k	t	?
 	 	A	b	e	r	 	g	a	n	z	 	e	h	r	l	i	c	h	,	 	w	u	n	d	e	r	t	 	d	i	c	h	 	d	a	s	?
S	t	e	h	t	 	d	i	e	 	P	r	e	s	s	e	f	ö	r	d	e	r	u	n	g	 	z	u	 	D	e	b	a	t	t	e	?
F	ü	r	 	w	e	n	 	h	ä	l	t	 	s	i	c	h	 	O	l	a	f	 	S	c	h	o	l	z	?
 	W	i	r	 	k	ö	n	n	e	n	 	a	u	c	h	 	d	i	e	 	A	b	s	t	i	m	m	u	n	g	 	b	e	e	n	d	e	n	 	w	e	n	n	 	d	u	 	w	i	l	l	s	t	 	o	d	e	r	 	k	e	i	n	e	 	A	h	n	u	n	g	?
W	e	r	 	i	s	t	 	h	e	u	t	e	 	s	c	h	o	n	 	i	n	 	K	ö	l	n	 	?
S	i	e	 	m	ö	c	h	t	e	n	 	6	 	L	a	u	c	h	s	 	s	e	h	e	n	?
 	 	D	i	p	l	o	m	a	t	i	s	c	h	e	s	 	P	r	a	k	t	i	k	u	m	,	 	M	o	s	k	a	u	 	1	9	8	2	 	B	e	s	u	c	h	 	b	e	i	m	 	K	G	B	?
 	 	N	i	c	h	t	s	?
 	 	N	i	c	h	t	 	i	n	 	d	e	r	 	T	ü	r	k	e	i	?
W	a	r	 	d	a	s	 	L	a	n	d	 	n	i	c	h	t	 	a	u	c	h	 	m	a	l	 	g	r	ö	ß	e	r	?
 	 	 	S	e	i	t	 	w	a	n	n	 	h	a	t	 	e	s	 	A	f	g	h	a	n	e	n	 	u	n	t	e	r	 	d	e	n	 	H	o	o	l	i	g	a	n	s	?
""""	K	a	r	t	o	f	f	e	l	n	 	s	c	h	ä	l	e	n	,	 	s	i	e	h	s	t	'	 	d	a	s	 	n	i	c	h	t	?	""""
e	r	s	t	e	r	 	F	l	u	g	 	s	e	i	t	 	5	 	W	o	c	h	e	n	,	 	u	n	d	?
W	a	r	u	m	 	n	u	r	?
Q	u	o	t	e	 	v	o	n	 	6	0	%	 	V	e	r	s	p	ä	t	u	n	g	e	n	 	i	m	 	A	u	g	u	s	t	 	n	o	c	h	 	n	i	c	h	t	 	e	r	f	ü	l	l	t	?
W	i	e	 	h	a	t	 	K	u	r	z	 	e	i	g	e	n	t	l	i	c	h	 	d	i	e	 	m	ü	n	d	l	i	c	h	e	 	M	a	t	u	r	a	 	g	e	s	c	h	a	f	f	t	?
L	O	C	K	I	E	?	?	?	?	""""
 	S	i	e	h	t	 	m	a	n	 	s	i	c	h	 	w	i	e	d	e	r	 	a	u	f	 	d	e	r	 	G	C	?
""""	W	i	e	 	k	a	n	n	 	d	i	e	 	S	P	D	 	e	n	d	l	i	c	h	 	d	i	e	 	W	e	n	d	e	 	s	c	h	a	f	f	e	n	?	""""
H	o	p	i	a	 	o	r	 	A	n	n	e	 	C	l	u	t	z	?	?	?	?	?	?	?	?	?	?	?	?	?	?	?	?	?	?	?	?	?	?	?	?	?
240	159	147	162	32	72	97	98	116	32	105	104	114	32	100	101	110	32	66	101	105	116	114	97	103	32	97	109	32	83	97	109	115	116	97	103	32	105	109	32	78	68	82	32	70	101	114	110	115	101	104	101	110	32	195	188	98	101	114	32	117	110	115	32	118	101	114	112	97	115	115	116	32	111	100	101	114	32	119	111	108	108	116	32	105	104	110	32	110	111	99	104	109	97	108	32	115	99	104	97	117	101	110	63
 	a	u	f	 	w	a	s	 	b	e	z	i	e	h	t	 	s	i	c	h	 	d	a	s	?
D	:	 	W	e	i	l	 	T	o	b	i	 	i	m	m	e	r	 	s	a	g	t	 	w	a	s	 	e	r	 	d	e	n	k	t	?
K	ö	n	n	t	e	 	 	d	i	e	 	M	A	4	8	 	a	u	c	h	 	f	ü	r	 	S	a	u	b	e	r	k	e	i	t	 	a	u	f	 	e	i	n	e	m	 	P	l	a	k	a	t	 	s	o	r	g	e	n	?
W	e	r	 	i	s	t	 	f	ü	r	 	d	i	e	 	W	e	r	b	e	f	l	ä	c	h	e	 	v	e	r	a	n	t	w	o	r	t	l	i	c	h	?
W	O	 	k	a	n	n	 	m	a	n	 	i	n	z	w	i	s	c	h	e	n	 	s	e	i	n	e	n	 	S	C	H	E	I	S	S	-	 	D	e	u	t	s	c	h	e	n	-	P	A	S	S	 	a	b	g	e	b	e	n	 	u	n	d	 	w	e	l	c	h	e	n	 	?	?	?
b	e	k	o	m	m	e	n	 	?	?
?	H	a	b	e	n	 	s	i	c	h	 	m	e	i	n	e	 	V	o	r	f	a	h	r	e	n	 	h	i	e	…
""""	W	i	l	l	s	t	 	d	u	'	n	 	B	i	e	r	?	""""
*	A	u	g	e	n	r	o	l	l	e	n	*	"
"	""""	W	o	l	l	t	 	I	H	R	 	e	i	n	 	B	i	e	r	?	""""
W	e	r	 	b	e	h	a	u	p	t	e	t	 	d	a	s	?
D	i	e	 	,	 	#	B	A	M	F	,	 	d	e	r	 	P	a	p	s	t	,	 	d	e	i	n	 	N	a	c	h	b	a	r	?
W	i	e	 	b	e	g	r	ü	n	d	e	t	 	d	i	e	 	#	t	a	g	e	s	s	c	h	a	u	 	s	o	 	e	i	n	e	 	A	u	s	s	a	g	e	?
S	i	e	h	t	 	m	a	n	 	e	i	g	e	n	t	l	i	c	h	,	 	d	a	s	s	 	i	c	h	 	A	u	g	e	n	r	i	n	g	e	 	w	i	e	 	s	c	h	e	i	ß	e	 	h	a	b	?
 	K	r	i	e	g	e	 	i	c	h	 	e	i	n	e	n	 	1	0	0	%	 	R	a	b	a	t	t	?
e	i	n	 	g	e	g	e	n	d	e	r	t	e	s	 	v	e	r	k	e	h	r	s	s	c	h	i	l	d	?
S	t	e	h	t	 	m	i	r	 	d	o	c	h	 	g	u	t	,	 	o	d	e	r	?
 	m	o	r	f	e	u	s	?	?
?
 	E	x	p	e	r	t	e	 	?
F	ü	r	 	w	a	s	 	?
 	 	 	 	 	W	a	s	 	h	a	t	 	d	i	e	s	e	 	N	a	c	h	r	i	c	h	t	 	m	i	t	 	m	i	r	 	z	u	 	t	u	n	?
 	N	a	h	,	 	d	a	s	 	i	s	t	 	d	o	c	h	 	F	a	k	e	 	o	d	e	r	?
D	i	e	 	s	t	ä	n	d	i	g	e	 	F	r	a	g	e	:	 	i	s	t	 	D	e	u	t	s	c	h	l	a	n	d	 	n	o	c	h	 	p	o	l	i	t	i	s	c	h	 	z	u	 	r	e	t	t	e	n	?
 	N	u	r	 	s	t	e	h	t	 	b	e	i	 	W	e	i	n	s	t	e	i	n	 	n	i	c	h	t	 	E	I	N	 	W	o	r	t	 	g	e	g	e	n	 	d	a	s	 	A	n	d	e	r	e	,	 	s	o	n	d	e	r	n	.	.	.	 	2	0	?
3	0	?
F	a	v	o	r	i	t	e	 	a	l	b	u	m	?
I	c	h	 	m	a	g	 	d	a	s	 	-	V	i	d	e	o	:	 	 	i	c	h	 	h	a	b	e	 	e	i	n	e	 	W	A	F	F	E	 	i	m	 	S	E	E	 	g	e	f	u	n	d	e	n	.	.	 	s	o	l	l	 	i	c	h	 	z	u	r	 	P	O	L	I	Z	E	I	?
 	w	i	e	 	g	r	o	ß	 	b	i	s	t	 	d	u	 	d	e	n	n	?
32	32	240	159	152	130	240	159	152	130	32	119	105	108	108	32	101	114	32	101	116	119	97	115	32	108	101	114	110	101	110	32	63
?
W	t	f	 	s	e	i	t	 	w	a	n	n	 	g	i	b	t	s	 	b	e	i	 	l	o	l	 	e	i	n	e	n	 	k	a	r	t	h	u	s	?	!
 	 	 	S	i	e	 	s	i	n	d	 	d	o	c	h	 	i	n	f	o	r	m	i	e	r	t	 	h	i	e	r	ü	b	e	r	,	 	o	d	e	r	?
 	 	K	ö	n	n	t	e	n	 	S	i	e	 	b	i	t	t	e	 	m	i	t	 	d	e	m	 	M	a	n	s	p	r	e	a	d	i	n	g	 	a	u	f	h	ö	r	e	n	?
#	S	a	c	h	s	e	n	 	#	K	a	l	t	l	a	n	d	 	#	D	r	e	s	d	e	n	"
"	S	e	i	t	 	w	a	n	n	?
""""	W	a	n	n	 	m	a	c	h	e	n	 	l	a	k	t	o	s	e	f	r	e	i	e	 	P	r	o	d	u	k	t	e	 	S	i	n	n	?
W	a	r	u	m	 	d	a	n	n	 	n	i	c	h	t	 	a	u	c	h	 	d	i	e	 	T	ü	r	k	e	i	?	…
 	 	 	 	 	B	e	k	o	m	m	e	 	i	c	h	 	a	u	c	h	 	e	i	n	e	n	 	I	n	v	i	t	e	?
W	a	s	 	i	s	t	 	d	a	 	p	a	s	s	i	e	r	t	,	 	?
 	H	i	i	,	 	p	a	s	s	t	 	J	a	s	m	i	n	 	n	o	c	h	 	d	r	a	u	f	?
W	e	l	c	h	e	 	Z	e	i	t	f	o	r	m	 	i	s	t	 	""""	E	s	 	d	ü	r	f	t	e	 	D	i	c	h	 	n	i	c	h	t	 	g	e	b	e	n	""""	?
W	a	s	 	h	a	l	t	e	t	 	i	h	r	 	v	o	m	 	H	u	a	w	e	i	 	M	a	t	e	 	2	0	 	(	P	r	o	?	)
D	e	s	i	g	n	?
D	e	s	i	g	n	f	l	o	o	r	i	n	g	 	V	a	n	 	G	o	g	h	 	a	l	s	 	D	e	s	i	g	n	b	e	l	a	g	 	j	e	t	z	t	 	z	u	m	 	K	l	i	c	k	e	n	?
 	 	 	 	 	W	a	s	 	d	e	n	n	?
 	D	i	e	 	h	a	b	e	n	 	e	c	h	t	 	g	e	z	i	e	l	t	 	F	e	u	e	r	 	g	e	l	e	g	t	?
 	H	e	r	a	u	s	f	o	r	d	e	r	u	n	g	?
 	 	 	 	 	L	e	i	h	e	 	o	d	e	r	 	F	e	s	t	?
 	 	 	 	W	e	i	ß	t	 	d	u	 	n	i	c	h	t	 	w	a	s	 	d	a	s	 	S	m	i	l	e	y	 	h	e	i	ß	t	?
S	i	e	 	r	e	c	h	n	e	n	,	 	a	n	a	l	y	s	i	e	r	e	n	,	 	s	c	h	r	e	i	b	e	n	 	–	 	u	n	d	 	d	a	n	n	?
 	 	 	I	s	t	 	d	a	s	 	G	e	s	c	h	i	c	h	t	s	u	n	t	e	r	r	i	c	h	t	?	?
?
W	i	s	s	t	 	i	h	r	 	w	a	s	 	s	c	h	l	i	m	m	e	r	 	i	s	t	 	a	l	s	 	e	i	n	 	g	e	b	r	o	c	h	e	n	e	s	 	H	e	r	z	?
W	i	e	 	w	ä	r	e	 	e	s	 	d	a	m	i	t	?
W	ä	r	e	 	d	a	s	 	n	i	c	h	t	 	d	e	r	 	G	i	p	f	e	l	 	d	e	r	 	A	r	r	o	g	a	n	z	?
d	t	f	?
U	n	d	 	B	l	a	d	e	 	R	u	n	n	e	r	 	a	u	f	 	P	l	a	t	z	 	s	e	c	h	s	?
S	r	s	l	y	?
S	i	e	 	r	e	c	h	n	e	n	,	 	a	n	a	l	y	s	i	e	r	e	n	,	 	s	c	h	r	e	i	b	e	n	 	–	 	u	n	d	 	d	a	n	n	?
F	ü	r	 	w	e	n	 	h	ä	l	t	 	s	i	c	h	 	O	l	a	f	 	S	c	h	o	l	z	?
32	77	105	114	32	102	101	104	108	116	32	110	117	114	32	110	111	99	104	32	72	97	108	108	111	119	101	101	110	32	75	97	110	97	110	44	32	111	100	101	114	46	46	46	46	63	240	159	152	130
F	ü	r	 	w	e	n	 	h	ä	l	t	 	s	i	c	h	 	O	l	a	f	 	S	c	h	o	l	z	?
 	 	I	h	r	 	s	e	i	d	 	d	o	c	h	 	a	b	e	r	 	w	i	e	d	e	r	 	w	e	i	t	e	r	 	o	b	e	n	,	 	i	n	 	H	e	d	w	i	g	-	H	o	l	z	b	e	i	n	,	 	o	d	e	r	?
W	i	e	s	o	 	s	o	l	l	t	e	n	 	w	i	r	 	2	0	%	 	d	e	r	 	T	ü	r	k	e	n	 	a	u	s	s	c	h	l	i	e	ß	e	n	?	.
 	E	r	n	e	u	t	 	p	o	s	i	t	i	v	?
 	W	o	 	b	l	e	i	b	s	t	 	d	u	 	e	i	g	e	n	t	l	i	c	h	 	d	i	e	 	N	a	c	h	t	 	ü	b	e	r	?
 	I	c	h	 	b	i	n	 	d	a	n	n	 	v	e	r	m	u	t	l	i	c	h	 	i	n	 	d	e	r	 	L	i	s	t	e	 	""""	T	r	a	t	s	c	h	 	u	n	d	 	L	ä	s	t	e	r	e	i	e	n	""""	?
W	o	v	o	r	 	f	ü	r	c	h	t	e	n	 	s	i	e	 	s	i	c	h	?
W	i	e	 	m	a	c	h	e	n	 	d	a	s	 	a	n	d	e	r	e	?
W	o	v	o	r	 	h	a	s	t	 	d	u	 	A	n	g	s	t	?
D	a	s	s	 	d	u	 	u	n	d	 	d	e	i	n	e	 	F	r	e	u	n	d	e	 	a	u	s	n	a	h	m	s	w	e	i	s	e	 	m	a	l	 	n	i	c	h	t	 	e	i	n	e	r	 	M	e	i	n	u	n	g	 	s	i	n	d	?
W	ä	r	e	 	d	a	s	 	s	c	h	l	i	m	m	?
 	 	K	a	n	n	s	t	 	d	u	 	d	a	n	n	 	j	e	m	a	n	d	e	n	 	v	o	n	 	m	i	r	 	g	a	n	z	 	s	p	e	z	i	e	l	l	 	d	r	ü	c	k	e	n	?
 	 	 	W	o	h	e	r	 	d	i	e	 	T	e	l	e	f	o	n	n	u	m	m	e	r	?
 	?	?	?
W	a	s	 	i	s	t	 	d	e	n	n	 	l	o	s	 	m	i	t	 	m	a	n	c	h	e	n	 	L	e	u	t	e	n	?
32	72	117	105	44	32	119	111	32	104	97	115	116	32	100	117	32	100	97	115	32	104	101	114	63	240	159	152	138
W	i	e	 	i	s	t	 	d	e	r	 	D	a	t	e	n	s	c	h	u	t	z	 	g	e	l	ö	s	t	?
N	a	m	e	n	 	c	o	d	i	e	r	t	?
 	U	n	d	 	a	l	l	e	 	l	e	b	e	n	 	n	o	c	h	?
 	A	l	s	o	 	w	i	r	s	t	 	d	u	 	v	o	n	 	d	e	r	 	P	e	r	s	o	n	 	i	n	 	d	e	r	 	d	r	i	t	t	e	n	 	F	o	r	m	 	r	e	d	e	n	,	 	u	m	 	i	h	r	e	 	I	d	e	n	t	i	t	ä	t	 	g	e	h	e	i	m	 	z	u	 	h	a	l	t	e	n	?
#	K	a	n	d	e	l	 	#	M	i	a	 	#	M	ö	r	d	e	r	"
"	"
"	N	a	,	 	I	h	r	 	""""	G	u	t	m	e	n	s	c	h	e	n	""""	,	 	i	m	m	e	r	 	n	o	c	h	 	D	e	m	o	 	g	e	g	e	n	 	d	i	e	 	""""	b	l	ö	d	e	n	 	R	e	c	h	t	e	n	""""	 	o	d	e	r	 	r	e	i	c	h	t	 	e	s	 	j	e	t	z	t	 	e	n	d	l	i	c	h	 	m	a	l	?	…
 	 	 	W	a	r	u	m	 	d	e	n	n	?
 	 	""""	D	a	s	 	i	s	t	 	n	i	c	h	t	 	g	e	s	u	n	d	""""	?
B	i	e	r	c	h	e	n	 	w	i	e	 	d	a	m	a	l	s	?	""""
 	T	e	r	r	o	r	 	f	ü	r	 	d	i	e	 	A	n	w	o	h	n	e	r	?
 	W	a	r	u	m	?
W	e	r	 	m	a	c	h	t	 	m	i	t	?
 	 	 	U	n	d	 	d	e	r	 	P	l	a	n	 	s	i	e	h	t	 	i	h	r	e	r	 	M	e	i	n	u	n	g	 	n	a	c	h	 	w	i	e	 	a	u	s	?
O	h	 	d	u	 	a	u	c	h	 	h	i	e	r	?
„	A	l	e	x	a	,	 	w	a	s	 	w	a	r	 	a	n	 	d	e	r	 	H	a	u	s	t	ü	r	 	l	o	s	?	“	 	E	c	h	o	 	z	e	i	g	t	 	A	u	f	n	a	h	m	e	n	 	v	o	n	 	S	i	c	h	e	r	h	e	i	t	s	k	a	m	e	r	a	s
 	 	 	O	k	e	y	 	k	o	m	m	s	t	 	d	u	 	d	a	v	i	d	?
?
G	e	h	 	i	c	h	 	n	o	c	h	 	z	u	 	R	o	s	s	m	a	n	n	 	o	d	e	r	 	g	ü	m	m	e	l	 	i	c	h	 	w	e	i	t	e	r	 	h	i	e	r	 	r	u	m	?
H	e	y	y	y	y	y	y	.	.	.	.	.	.	.	 	"
"	"
"	H	a	t	 	j	e	m	a	n	d	 	d	i	e	 	A	k	k	o	r	d	e	 	f	ü	r	 	S	u	m	m	e	r	s	o	n	g	 	f	ü	r	 	m	i	c	h	?
W	a	r	u	m	 	r	e	a	g	i	e	r	e	n	 	W	e	i	ß	e	 	s	o	 	a	b	w	e	h	r	e	n	d	,	 	w	e	n	n	 	e	s	 	u	m	 	#	R	a	s	s	i	s	m	u	s	 	g	e	h	t	?
G	l	e	i	c	h	 	p	e	r	 	D	u	,	 	""""	w	a	s	 	s	p	i	e	l	s	t	 	d	u	 	s	o	 	f	ü	r	 	V	i	d	e	o	s	p	i	e	l	e	?	""""
#	K	a	n	d	e	l	 	#	M	i	a	 	#	M	ö	r	d	e	r	"
"	"
"	N	a	,	 	I	h	r	 	""""	G	u	t	m	e	n	s	c	h	e	n	""""	,	 	i	m	m	e	r	 	n	o	c	h	 	D	e	m	o	 	g	e	g	e	n	 	d	i	e	 	""""	b	l	ö	d	e	n	 	R	e	c	h	t	e	n	""""	 	o	d	e	r	 	r	e	i	c	h	t	 	e	s	 	j	e	t	z	t	 	e	n	d	l	i	c	h	 	m	a	l	?	…
H	a	b	e	n	 	 	 	 	o	d	e	r	 	 	e	i	n	e	n	 	T	i	p	p	 	f	ü	r	 	m	i	c	h	?
A	n	l	e	g	e	s	t	o	p	p	 	f	ü	r	 	F	l	ü	c	h	t	l	i	n	g	s	s	c	h	i	f	f	e	?
U	n	d	 	w	i	e	s	o	 	r	u	f	t	 	R	a	i	n	e	r	 	n	i	c	h	t	 	d	i	e	 	B	u	l	l	e	n	?
m	i	r	 	w	u	r	d	e	 	g	r	a	d	e	 	n	 	s	p	a	c	e	 	r	a	d	i	o	 	v	i	d	e	o	 	e	m	p	f	o	h	l	e	n	 	u	n	d	 	m	e	i	n	e	 	e	r	s	t	e	 	r	e	a	k	t	i	o	n	 	w	a	r	 	e	i	n	f	a	c	h	 	""""	d	i	e	 	m	a	c	h	e	n	 	n	o	c	h	 	v	i	d	e	o	s	?	""""
W	i	e	 	v	i	e	l	e	 	T	i	t	e	l	 	h	o	l	t	 	d	e	r	 	F	C	 	B	a	y	e	r	n	 	i	n	 	d	i	e	s	e	r	 	S	a	i	s	o	n	 	(	o	h	n	e	 	S	u	p	e	r	c	u	p	)	?
 	S	i	n	d	 	d	a	s	 	D	e	i	n	e	?
 	k	o	m	m	s	t	 	d	u	 	h	e	u	t	e	 	z	u	 	S	o	l	i	d	?
 	K	o	m	m	s	t	 	d	u	 	z	u	r	 	G	a	m	e	s	c	o	m	 	?
 	 	W	ü	r	d	e	 	m	a	n	 	i	m	 	F	a	l	l	 	B	E	R	 	g	e	n	a	u	s	o	 	k	o	n	s	e	q	u	e	n	t	 	s	e	i	n	,	 	w	a	s	 	w	ä	r	e	 	d	a	n	n	?
W	i	e	 	k	a	n	n	 	d	a	s	 	a	n	g	e	h	e	n	?
D	i	e	 	M	ä	r	k	t	e	 	w	i	e	d	e	r	 	e	i	n	m	a	l	 	a	l	s	 	l	e	t	z	t	e	s	 	R	e	g	u	l	a	t	i	v	 	f	ü	r	 	P	o	p	u	l	i	s	t	I	n	n	e	n	?
W	o	 	i	s	t	 	d	a	 	P	r	o	f	 	u	n	d	 	H	i	l	f	s	k	r	a	f	t	 	s	i	n	n	v	o	l	l	?
I	s	t	 	h	e	u	t	e	 	e	i	g	e	n	t	l	i	c	h	 	F	r	i	s	c	h	h	a	l	t	e	f	o	l	i	e	n	-	T	a	g	 	a	u	f	 	T	w	i	t	t	e	r	,	 	o	d	e	r	 	w	a	r	u	m	 	s	i	n	d	 	a	l	l	e	 	s	o	 	d	ü	n	n	h	ä	u	t	i	g	?
 	D	a	s	 	k	a	n	n	 	d	o	c	h	 	n	i	c	h	t	 	D	I	E	 	w	a	h	r	e	 	d	e	u	t	s	c	h	e	 	P	o	l	i	z	e	i	 	s	e	i	n	 	?
I	s	 	d	a	s	 	e	i	n	 	W	i	t	z	 	?
 	F	U	S	S	B	A	L	L	 	?	?	?	?
?
S	i	n	d	 	s	i	e	 	d	a	n	n	 	g	e	m	e	i	n	s	a	m	 	e	i	n	 	g	a	n	z	e	r	 	F	a	s	c	h	i	s	t	?
n	e	i	n	 	i	c	h	 	g	i	b	 	d	i	r	 	k	e	i	n	e	 	r	a	k	e	t	e	n	 	m	u	n	i	,	 	s	i	e	h	s	t	 	d	u	 	n	i	c	h	t	 	d	a	s	 	i	c	h	 	g	e	r	a	d	e	 	w	e	i	n	e	 	u	n	d	 	t	r	a	u	r	i	g	 	b	i	n	?
""""	K	a	n	n	s	t	 	D	u	 	l	e	i	c	h	t	 	a	b	s	c	h	a	l	t	e	n	,	 	w	e	n	n	 	D	u	 	a	u	s	 	d	e	r	 	A	r	b	e	i	t	 	r	a	u	s	 	g	e	h	s	t	?	""""
 	W	a	r	u	m	 	s	o	l	l	t	e	 	d	i	e	 	P	o	l	i	z	e	i	 	s	i	c	h	 	i	n	 	A	n	b	e	t	r	a	c	h	t	 	s	o	l	c	h	e	r	 	Z	u	s	t	ä	n	d	e	 	e	n	t	s	c	h	u	l	d	i	g	e	n	?
W	a	r	u	m	 	s	c	h	a	f	f	e	n	 	e	s	 	s	o	 	w	e	n	i	g	e	 	U	n	t	e	r	n	e	h	m	e	n	,	 	m	e	h	r	 	a	l	s	 	d	r	e	i	 	G	e	n	e	r	a	t	i	o	n	e	n	 	e	i	g	e	n	s	t	ä	n	d	i	g	 	z	u	 	ü	b	e	r	l	e	b	e	n	?
W	a	s	 	h	a	l	t	e	n	 	S	i	e	 	v	o	n	 	d	i	e	s	e	m	 	F	a	n	a	r	t	 	H	e	r	r	 	P	o	g	g	e	n	b	u	r	g	?
?
 	 	A	c	h	,	 	z	e	r	f	i	c	k	e	n	?
S	i	n	d	 	S	i	e	 	i	m	 	S	c	h	r	a	n	k	 	a	u	f	g	e	w	a	c	h	s	e	n	 	o	d	e	r	 	w	o	 	h	a	b	e	n	 	S	i	e	 	I	h	r	e	 	K	i	n	d	e	r	s	t	u	b	e	 	h	e	r	?
W	i	e	 	l	a	n	g	e	 	g	i	b	t	 	e	s	 	d	i	e	 	E	r	d	e	 	s	c	h	o	n	?
I	c	h	 	w	u	s	s	t	e	,	 	d	a	s	s	 	d	i	e	 	G	a	m	e	s	C	o	m	 	d	i	e	s	e	s	 	J	a	h	r	 	f	ü	r	 	m	i	c	h	 	a	u	s	f	ä	l	l	t	 	&	a	m	p	;	 	t	r	o	t	z	d	e	m	 	b	i	n	 	i	c	h	 	i	r	g	e	n	d	w	i	e	.	.	 	t	r	a	u	r	i	g	?
 	 	 	S	o	n	d	e	r	n	?
B	e	r	e	i	t	 	f	ü	r	 	d	a	s	 	a	l	l	j	ä	h	r	l	i	c	h	e	 	F	l	u	n	k	y	b	a	l	l	 	B	a	t	t	l	e	 	z	u	r	 	G	a	m	e	s	c	o	m	?
I	c	h	 	m	a	g	 	d	a	s	 	-	V	i	d	e	o	:	 	 	R	ä	t	s	e	l	 	u	m	 	A	l	i	e	n	s	:	 	W	i	s	s	e	n	 	M	e	n	s	c	h	e	n	 	z	u	 	w	e	n	i	g	 	u	m	 	a	u	ß	e	r	i	r	d	i	s	c	h	e	s	 	L	e	b	e	n	 	z	u	 	e	n	t	d	e	c	k	e	n	?
W	u	r	d	e	 	u	n	s	 	n	i	c	h	t	 	i	m	m	e	r	 	g	e	s	a	g	t	,	 	w	i	r	 	l	e	b	t	e	n	 	i	m	 	b	e	s	t	e	n	 	D	e	u	t	s	c	h	l	a	n	d	 	a	l	l	e	r	 	Z	e	i	t	e	n	?
 	H	i	n	g	 	d	e	r	 	B	ü	f	f	e	l	 	n	o	c	h	 	d	r	a	n	 	o	d	e	r	 	w	a	s	 	w	a	r	 	s	o	 	s	c	h	w	e	r	?
I	s	t	 	a	n	s	c	h	e	i	n	e	n	d	 	n	i	e	m	a	n	d	e	m	 	a	u	f	g	e	f	a	l	l	e	n	?
W	o	f	ü	r	 	h	a	b	t	 	i	h	r	 	b	e	i	 	d	e	m	 	F	a	h	r	r	a	d	m	e	s	s	e	r	 	K	I	 	E	x	p	e	r	t	e	n	 	g	e	b	r	a	u	c	h	t	?
M	i	e	l	e	N	L	_	W	e	b	c	a	r	e	 	M	i	e	l	e	 	H	 	2	5	1	 	W	i	e	 	b	e	k	o	m	m	e	 	i	c	h	 	a	u	f	 	m	e	i	n	e	m	 	o	f	e	n	d	i	s	p	l	a	y	 	d	a	s	 	z	e	i	c	h	e	n	 	a	u	t	o	 	w	e	g	?
 	 	S	a	g	 	m	a	l	,	 	f	a	s	s	t	 	d	u	 	d	a	s	 	g	a	n	z	e	 	a	u	c	h	 	z	u	 	e	i	n	e	m	 	B	l	o	g	p	o	s	t	 	z	u	s	a	m	m	e	n	?
 	 	W	u	t	 	?
 	W	e	l	c	h	e	 	F	r	e	u	n	d	e	?
 	1	 	1	/	2	 	J	a	h	r	e	 	s	p	ä	t	e	r	?
S	c	h	o	n	m	a	l	 	v	e	r	s	u	c	h	t	,	 	n	e	 	S	p	i	n	n	e	 	a	u	f	 	M	a	l	e	r	v	l	i	e	s	 	z	u	 	f	i	n	d	e	n	?	!
 	H	a	l	l	o	?
W	a	s	 	i	s	t	 	m	i	t	 	d	e	n	 	R	e	c	h	t	s	p	o	p	u	l	i	s	t	i	n	n	e	n	?	?
?
 	 	M	a	u	s	g	e	r	u	t	s	c	h	t	?
 	 	 	U	n	d	 	M	a	u	e	r	b	a	u	 	u	n	d	 	g	e	s	c	h	l	o	s	s	e	n	e	 	G	r	e	n	z	e	 	h	a	t	 	w	a	n	n	 	n	o	c	h	m	a	l	 	f	u	n	k	t	i	o	n	i	e	r	t	?
D	a	s	 	w	i	r	d	 	a	b	e	r	 	n	a	c	h	 	#	K	a	m	i	n	s	k	i	 	r	e	i	n	 	q	u	a	n	t	i	t	a	t	i	v	 	d	e	r	 	s	c	h	l	a	n	k	s	t	e	 	K	a	d	e	r	 	d	e	r	 	l	e	t	z	t	e	n	 	J	a	h	r	e	,	 	o	d	e	r	?
W	i	e	s	o	 	i	s	t	 	d	e	r	 	#	L	e	h	r	e	r	m	a	n	g	e	l	 	i	n	 	D	e	u	t	s	c	h	l	a	n	d	 	e	i	n	 	M	y	t	h	o	s	?
W	e	r	 	v	e	r	s	e	n	k	t	 	e	i	g	e	n	t	l	i	c	h	 	G	u	l	l	y	-	 	u	n	d	 	K	a	n	a	l	d	e	c	k	e	l	 	s	o	 	t	i	e	f	,	 	d	a	s	s	 	M	o	p	e	d	 	f	a	h	r	e	n	 	z	u	 	K	ö	r	p	e	r	v	e	r	l	e	t	z	u	n	g	 	w	i	r	d	?	!	?
 	I	h	n	 	v	o	n	 	s	e	i	n	e	n	 	N	a	c	h	b	a	r	n	 	f	ü	t	t	e	r	n	 	l	a	s	s	e	n	 	b	i	s	 	e	r	 	s	t	i	r	b	t	?
K	o	s	k	a	 	e	s	i	t	ä	t	t	e	 	T	h	e	 	H	a	n	d	m	a	i	d	’	s	 	T	a	l	e	n	 	2	.	 	k	a	u	d	e	n	?
L	a	d	i	e	s	 	a	u	f	s	c	h	l	a	g	?	?	?
P	r	o	d	u	z	i	e	r	e	n	 	F	r	a	u	e	n	 	S	c	h	m	u	t	z	 	d	e	r	 	s	c	h	w	e	r	e	r	 	z	u	 	e	n	t	f	e	r	n	e	n	 	i	s	t	 	a	l	s	 	d	e	r	 	v	o	n	 	m	ä	n	n	e	r	n	 	o	d	e	r	 	w	a	s	?
""""	D	e	i	n	e	 	S	c	h	w	e	s	t	e	r	 	i	s	t	 	l	e	s	b	i	s	c	h	 	u	n	d	 	d	u	 	b	i	s	t	 	s	c	h	w	u	l	?
N	e	n	n	 	m	i	r	 	d	e	n	 	G	r	u	n	d	 	w	e	s	h	a	l	b	 	i	c	h	 	m	i	t	 	d	e	m	 	B	l	i	c	k	 	g	e	k	n	i	c	k	t	 	z	u	m	 	G	r	a	b	 	m	e	i	n	e	r	 	G	e	s	c	h	w	i	s	t	e	r	 	s	e	h	e	n	 	m	u	s	s	?
W	e	t	t	e	n	?
H	a	t	 	s	c	h	o	n	 	m	a	l	 	j	e	m	a	n	d	 	b	e	i	m	 	A	s	i	a	t	e	n	 	n	a	c	h	g	e	f	r	a	g	t	?
H	a	b	t	 	i	h	r	 	d	a	 	V	o	r	l	i	e	b	e	n	 	o	d	e	r	 	E	m	p	f	e	h	l	u	n	g	e	n	 	f	ü	r	 	m	i	c	h	?
V	e	r	s	u	c	h	 	i	c	h	 	g	r	a	d	e	 	e	i	n	 	P	r	o	f	i	l	b	i	l	d	 	f	ü	r	 	e	i	n	e	n	 	k	l	i	n	g	o	n	i	s	c	h	e	n	 	T	r	o	l	l	a	c	c	o	u	n	t	 	z	u	 	m	a	l	e	n	?
V	i	e	l	l	e	i	c	h	t	?
 	 	W	o	 	s	i	n	d	 	j	e	t	z	t	 	 	 	 	 	?
 	S	c	h	w	ä	g	e	r	i	n	?
M	e	r	k	t	 	i	h	r	 	s	e	l	b	e	r	,	 	n	e	?
 	o	b	 	d	a	s	 	i	n	 	s	e	i	n	e	m	 	S	i	n	n	e	 	i	s	t	?
I	c	h	 	m	a	g	 	d	a	s	 	-	V	i	d	e	o	:	 	 	M	I	N	E	C	R	A	F	T	 	i	s	t	 	T	O	T	?	!
#	A	U	D	/	#	U	S	D	 	-	 	B	e	r	e	i	t	 	m	a	c	h	e	n	 	f	ü	r	 	e	i	n	e	n	 	w	e	i	t	e	r	e	n	 	A	n	s	t	i	e	g	?
 	 	A	b	e	r	 	c	y	 	w	i	e	s	o	 	h	ä	l	t	s	t	 	d	u	 	d	e	i	n	e	 	T	a	s	t	a	t	u	r	 	s	o	?
J	o	s	e	f	i	n	 	w	e	i	t	e	r	h	i	n	 	v	e	r	s	c	h	w	u	n	d	e	n	:	 	I	s	t	 	d	i	e	 	1	4	-	J	ä	h	r	i	g	e	 	i	r	g	e	n	d	w	o	 	i	n	 	M	ü	n	c	h	e	n	?
 	u	n	d	 	w	a	s	 	h	e	i	s	s	t	 	h	i	e	r	 	L	i	n	u	x	 	S	e	r	v	e	r	 	u	n	d	 	D	B	s	?
P	a	s	s	e	n	d	e	r	 	R	o	b	o	A	d	v	i	s	o	r	 	g	e	s	u	c	h	t	?
 	W	i	e	 	d	u	 	d	a	r	f	s	t	 	k	e	i	n	e	n	 	F	r	e	u	n	d	 	b	e	v	o	r	 	d	u	 	h	e	i	r	a	t	e	s	t	?	D	u	 	d	a	r	f	s	t	 	n	i	c	h	t	 	m	i	t	 	u	n	s	 	f	e	i	e	r	n	 	g	e	h	e	n	?	A	l	s	 	o	b	 	d	u	 	z	u	 	H	a	u	s	e	 	p	…
„	I	s	t	 	d	a	s	 	e	i	n	 	D	a	m	e	n	-	 	o	d	e	r	 	e	i	n	 	H	e	r	r	e	n	s	a	k	k	o	?	“	"
"	„	K	e	i	n	e	 	A	h	n	u	n	g	.
32	83	111	108	108	32	105	99	104	32	115	105	101	32	106	101	116	122	116	32	118	101	114	108	105	110	107	101	110	32	63	240	159	164	148	240	159	152	130
K	a	n	n	 	d	e	n	n	 	n	i	c	h	t	 	i	m	m	e	r	 	#	T	r	a	i	n	i	n	g	s	l	a	g	e	r	 	s	e	i	n	?
#	G	e	n	u	a	:	 	B	r	i	c	h	t	 	R	e	s	t	 	d	e	r	 	B	r	ü	c	k	e	 	e	i	n	?
 	W	a	r	u	m	 	e	i	g	e	n	t	l	i	c	h	 	A	k	t	i	v	k	o	h	l	e	?
 	S	o	 	e	i	n	 	J	o	k	e	,	 	e	r	 	l	ä	s	s	t	 	s	i	c	h	 	n	i	c	h	t	 	h	e	l	f	e	n	 	w	i	e	 	o	f	t	 	n	o	c	h	?
 	h	a	b	e	n	 	s	i	c	h	 	d	i	e	 	f	ü	h	r	e	n	d	e	n	 	d	e	u	t	s	c	h	e	n	 	#	n	e	t	z	f	e	m	i	n	i	s	t	i	n	n	e	n	 	s	c	h	o	n	 	g	e	ä	u	ß	e	r	t	?
 	A	c	h	 	c	o	o	l	,	 	w	o	 	b	e	k	o	m	m	e	 	i	c	h	 	d	e	n	n	 	s	o	 	e	i	n	e	n	 	S	a	t	t	e	l	s	c	h	o	n	e	r	?
I	m	 	N	o	t	f	a	l	l	 	D	I	E	 	#	T	Ü	R	K	E	I	 	r	e	t	t	e	n	?	?	?
 	I	n	d	u	s	t	r	i	e	V	i	e	r	t	e	l	R	o	m	a	n	t	i	k	?
D	a	n	n	 	w	ä	r	e	 	d	a	s	 	#	I	n	V	i	R	o	 	-	 	o	d	e	r	 	w	a	s	 	m	e	i	n	t	 	?
 	W	a	s	 	i	s	t	 	d	e	n	n	 	d	a	s	?
E	i	n	e	 	K	r	e	u	z	u	n	g	 	a	u	s	 	Z	e	b	r	a	 	u	n	d	 	T	a	p	i	r	?
O	d	e	r	 	F	o	t	o	m	o	n	t	a	g	e	?
#	H	y	b	r	i	d	C	l	o	u	d	,	 	e	i	n	 	a	l	t	e	r	 	H	u	t	?
 	 	 	I	s	t	 	d	a	s	 	a	b	e	r	 	n	u	r	 	f	ü	r	 	D	e	u	t	s	c	h	l	a	n	d	 	o	d	e	r	 	a	u	c	h	 	f	ü	r	 	Ö	s	t	e	r	r	e	i	c	h	 	d	e	r	 	l	i	n	k	?
 	N	e	t	t	e	 	Z	u	s	a	m	m	e	n	f	a	s	s	u	n	g	 	 	a	b	e	r	 	w	e	r	 	i	s	t	 	d	e	n	n	 	d	i	e	s	e	r	 	L	u	k	a	s	 	E	s	s	e	r	?
 	 	G	e	r	r	i	t	?
W	i	e	 	b	i	t	t	e	,	 	m	i	r	 	g	l	a	u	b	t	 	j	e	m	a	n	d	 	e	t	w	a	 	n	i	c	h	t	,	 	d	a	s	s	 	m	e	i	n	 	H	u	n	d	 	s	p	r	e	c	h	e	n	 	k	a	n	n	?
""""	W	a	r	u	m	 	s	i	t	z	e	n	 	d	a	 	v	i	e	r	 	K	o	a	l	a	s	 	a	u	f	 	d	e	m	 	P	f	e	r	d	?	""""
 	i	s	t	 	d	a	s	 	d	a	s	 	i	n	t	e	r	n	a	t	i	o	n	a	l	e	 	t	r	e	f	f	e	n	 	d	e	r	 	e	i	s	e	r	n	e	n	 	j	u	n	g	f	r	a	u	e	n	?
 	W	a	s	 	i	s	t	 	d	a	s	 	s	c	h	a	n	z	f	e	s	t	 	ü	b	e	r	h	a	u	p	t	?
V	i	e	l	l	e	i	c	h	t	 	g	i	b	t	 	e	s	 	I	n	t	e	r	e	s	s	e	n	t	e	n	 	f	ü	r	 	d	i	e	s	e	 	V	e	r	a	n	s	t	a	l	t	u	n	g	?
 	 	K	a	u	n	s	a	 	b	e	t	t	e	r	 	h	a	i	?
 	""""	D	a	s	 	K	l	e	i	n	e	,	 	U	n	a	n	g	e	n	e	h	m	e	 	(	d	e	r	 	Ü	b	e	r	g	r	i	f	f	)	""""	 	(	?	!	?	!	)
 	T	h	e	 	s	t	r	u	g	g	l	e	 	i	s	 	r	e	a	l	 	.	.	.	 	1	 	o	d	e	r	 	2	 	?
I	h	r	 	f	r	a	g	t	 	e	u	c	h	:	 	w	a	s	 	i	s	t	 	d	a	s	 	e	i	g	e	n	t	l	i	c	h	,	 	d	i	e	s	e	s	 	#	S	e	e	b	r	ü	c	k	e	 	&	a	m	p	;	 	#	S	e	e	b	r	ü	c	k	e	W	t	a	l	?
B	e	r	e	i	t	 	f	ü	r	 	d	a	s	 	a	l	l	j	ä	h	r	l	i	c	h	e	 	F	l	u	n	k	y	b	a	l	l	 	B	a	t	t	l	e	 	z	u	r	 	G	a	m	e	s	c	o	m	?
W	a	s	 	i	s	 	l	o	s	 	B	u	m	s	t	i	&	a	m	p	;	B	a	s	t	i	?
J	e	m	a	n	d	 	m	i	t	 	d	e	m	 	m	a	n	 	n	i	c	h	t	 	m	e	h	r	 	s	c	h	r	e	i	b	t	 	n	e	n	n	t	 	m	a	n	 	d	e	n	:	"
"	"
"	*	T	i	p	p	-	E	x	•	 	?
W	i	r	d	 	 	n	o	c	h	 	e	i	n	m	a	l	 	e	i	n	e	n	 	F	a	l	l	 	S	c	h	a	c	h	t	 	G	r	i	n	d	 	f	a	h	r	e	n	?
226	173	144	239	184	143	32	87	97	114	117	109	32	104	97	98	116	32	73	104	114	32	69	117	99	104	32	102	195	188	114	32	78	105	110	111	120	32	101	110	116	115	99	104	105	101	100	101	110	63
240	159	147	166	32	87	101	108	99	104	101	32	65	108	116	101	114	110	97	116	105	118	101	110	32	115	116	97	110	100	101	110	32	110	111	99	104	32	122	117	114	32	65	117	115	119	97	104	108	63
Z	ä	h	l	t	 	n	o	c	h	 	i	r	g	e	n	d	w	e	r	 	m	i	t	?
I	n	t	e	r	e	s	s	i	e	r	t	'	s	 	n	o	c	h	 	j	e	m	a	n	d	e	n	?
 	w	a	n	n	 	k	o	m	m	t	 	m	o	d	e	r	n	 	f	a	m	i	l	y	 	s	t	a	f	f	e	l	 	7	 	r	a	u	s	?
 	n	e	i	n	 	w	a	r	u	m	?
 	 	D	u	m	m	,	D	ü	m	m	e	r	,	 	A	.	N	a	l	?
 	 	 	W	o	r	i	n	?
W	a	s	,	 	w	e	n	n	 	d	u	 	e	s	 	a	u	f	 	B	a	n	d	 	s	p	r	i	c	h	s	t	?
 	O	k	a	y	,	 	b	i	s	s	c	h	e	n	 	v	i	e	l	 	f	ü	r	 	d	i	e	 	H	a	a	r	e	 	o	d	e	r	 	n	i	c	h	t	 	?	?	?	?
P	h	u	m	z	i	l	e	?
W	a	s	 	g	i	b	t	s	 	h	i	e	r	 	s	o	 	N	e	u	e	s	?
I	c	h	 	m	a	g	 	d	a	s	 	-	V	i	d	e	o	:	 	 	I	c	h	 	w	e	r	d	e	 	N	I	C	H	T	S	 	P	R	I	V	A	T	E	S	 	m	e	h	r	 	p	r	e	i	s	g	e	b	e	n	!	?
E	i	n	 	#	T	e	s	l	a	 	f	ü	r	 	2	5	.	0	0	0	 	D	o	l	l	a	r	?
 	""""	W	i	e	 	v	i	e	l	 	B	o	t	e	n	 	b	r	a	u	c	h	e	 	e	s	 	u	m	 	e	i	n	e	 	N	a	c	h	r	i	c	h	t	 	z	u	 	ü	b	e	r	b	r	i	n	g	e	?	""""
N	o	c	h	 	d	a	r	k	e	r	?	?	?
?
 	K	a	n	n	 	s	t	e	r	b	e	n	 	s	c	h	ö	n	e	r	 	s	e	i	n	?
 	 	W	a	r	u	m	 	s	o	l	l	t	e	 	d	e	r	 	a	r	m	e	 	B	u	s	f	a	h	r	e	r	 	a	u	c	h	 	G	e	l	d	 	d	u	r	c	h	 	d	i	e	 	G	e	g	e	n	d	 	k	u	t	s	c	h	i	e	r	e	n	?
 	W	o	h	n	e	n	 	i	n	 	#	M	ü	n	c	h	e	n	:	 	W	e	r	 	k	e	n	n	t	 	J	u	p	p	 	S	c	h	m	i	t	z	?
 	1	6	 	M	o	n	a	t	e	 	s	p	ä	t	e	r	?
E	r	n	s	t	h	a	f	t	?
 	I	r	g	e	n	w	a	n	n	 	v	i	e	l	l	e	i	c	h	t	 	d	o	c	h	.	.	.	?
32	32	32	240	159	164	166	240	159	143	187	226	128	141	226	153	130	239	184	143	77	101	114	107	101	110	32	115	105	101	32	115	101	108	98	101	114	63
 	W	a	s	 	i	s	t	 	d	e	r	 	G	r	u	n	d	 	f	ü	r	 	d	i	e	 	B	a	u	c	h	s	c	h	m	e	r	z	e	n	?
 	 	 	I	h	r	 	s	e	i	d	 	a	b	e	r	 	n	i	c	h	t	 	z	u	f	ä	l	l	i	g	 	i	n	 	d	e	m	 	D	o	w	n	t	o	w	n	 	H	o	s	t	e	l	 	o	d	e	r	?
E	U	-	 	E	u	r	o	p	a	s	 	U	n	d	e	r	g	a	n	g	 	?
K	a	n	n	 	m	a	n	 	n	i	c	h	t	 	d	e	n	 	S	p	r	e	c	h	e	r	 	v	o	n	 	A	n	n	o	 	1	6	0	2	 	f	ü	r	 	d	e	n	 	B	u	n	d	e	s	t	a	g	 	e	n	g	a	g	i	e	r	e	n	?
O	b	 	e	s	 	e	t	w	a	s	 	n	u	t	z	t	?
H	a	b	t	 	i	h	r	 	w	a	s	 	i	n	 	U	X	 	/	 	S	t	r	a	t	e	g	i	e	 	a	u	f	 	f	r	e	i	e	r	 	B	a	s	i	s	 	i	n	 	H	a	m	b	u	r	g	 	(	o	d	e	r	 	R	e	m	o	t	e	 	m	i	t	 	e	i	n	 	b	i	s	s	c	h	e	n	 	O	n	s	i	t	e	)	?
H	e	s	s	e	n	.	.	.	.	.	.	"
"	G	l	y	p	h	o	s	a	t	-	V	e	r	b	o	t	 	-	 	E	i	n	 	V	o	r	b	i	l	d	 	f	ü	r	 	d	i	e	 	a	n	d	e	r	e	n	 	B	u	n	d	e	s	l	ä	n	d	e	r	.	.	.	?	?	?
Z	u	 	w	e	l	c	h	e	m	 	#	S	p	i	e	l	 	s	o	l	l	e	n	 	w	i	r	 	e	i	n	 	#	R	e	v	i	e	w	 	s	c	h	r	e	i	b	e	n	?
 	E	i	g	e	n	w	e	r	b	u	n	g	?
I	c	h	 	n	e	h	m	e	 	m	i	r	 	m	a	l	 	d	a	s	 	R	e	c	h	t	 	u	n	d	 	l	a	d	e	 	d	i	e	 	S	a	c	h	e	n	 	e	i	n	f	a	c	h	 	h	o	c	h	 	d	i	e	 	m	a	n	 	e	r	s	t	e	l	l	t	 	h	a	t	?
L	a	s	s	 	l	i	e	b	e	r	 	z	u	 	J	u	s	t	i	n	 	g	e	h	e	n	 	a	l	l	e	 	o	k	?
 	M	i	t	 	F	e	r	n	s	e	h	-	K	a	m	e	r	a	s	?
E	U	-	 	E	u	r	o	p	a	s	 	U	n	d	e	r	g	a	n	g	 	?
 	W	i	e	 	B	i	t	t	e	?
?
A	l	m	a	n	:	„	b	i	s	t	 	d	u	 	M	o	s	l	e	m	“	"
"	"
"	I	c	h	:	„	j	a	 	e	l	h	a	m	d	u	l	i	l	l	a	h	“	"
"	"
"	A	l	m	a	n	:	„	B	e	t	e	s	t	 	d	u	 	5	 	m	a	L	 	a	M	 	t	a	G	?	?	?
H	a	S	T	 	d	U	 	S	c	H	O	N	 	m	A	L	 	S	c	H	w	e	I	N	 	g	e	G	E	s	S	E	n	?
D	e	n	k	t	 	i	h	r	 	i	c	h	 	k	r	i	e	g	e	 	T	w	i	t	t	e	r	 	l	ö	s	c	h	e	n	 	i	r	g	e	n	d	w	a	n	n	 	h	i	n	?
 	W	a	s	 	h	a	t	 	e	r	 	r	a	s	s	i	s	t	i	s	c	h	e	s	 	v	o	n	 	s	i	c	h	 	g	e	g	e	b	e	n	?
W	i	e	 	g	e	h	t	 	e	s	 	H	e	r	r	n	 	B	u	n	d	e	s	m	i	n	i	s	t	e	r	 	a	.	D	.	 	#	K	l	a	u	s	K	i	n	k	e	l	 	(	)	 	e	i	g	e	n	t	l	i	c	h	?
I	m	 	g	r	o	b	e	n	 	U	m	k	r	e	i	s	 	d	e	s	 	M	ü	l	l	e	i	m	e	r	s	 	u	n	t	e	r	 	d	e	m	 	S	c	h	r	e	i	b	t	i	s	c	h	 	k	l	e	b	e	n	 	ü	b	e	r	a	l	l	 	a	l	t	e	 	T	e	e	b	e	u	t	e	l	z	 	a	u	f	 	d	e	m	 	B	o	d	e	n	,	 	w	e	r	 	k	e	n	n	t	’	s	?
H	a	t	 	d	e	r	 	B	ü	r	g	e	r	m	e	i	s	t	e	r	 	a	u	s	 	#	D	ü	s	s	e	l	d	o	r	f	 	s	c	h	o	n	 	z	u	r	 	B	e	s	o	n	n	e	n	h	e	i	t	 	a	u	f	g	e	r	u	f	e	n	?	?
 	V	i	e	l	l	e	i	c	h	t	 	w	e	i	l	 	Ö	s	t	e	r	r	e	i	c	h	 	e	i	n	 	k	l	e	i	n	e	r	e	s	 	L	a	n	d	 	i	s	t	 	u	n	d	 	m	a	n	c	h	e	r	 	K	r	a	m	 	i	m	p	o	r	t	i	e	r	t	 	w	e	r	d	e	n	 	m	u	s	s	?
E	r	d	e	r	w	ä	r	m	u	n	g	?
M	e	n	s	c	h	e	n	g	e	m	a	c	h	t	?
W	o	 	s	o	l	l	 	i	c	h	 	a	n	f	a	n	g	e	n	?
""""	W	i	l	l	s	t	 	d	u	'	n	 	B	i	e	r	?	""""
*	A	u	g	e	n	r	o	l	l	e	n	*	"
"	""""	W	o	l	l	t	 	I	H	R	 	e	i	n	 	B	i	e	r	?	""""
 	g	i	b	t	s	 	d	a	s	 	a	u	c	h	 	f	ü	r	 	G	 	m	o	d	?
W	a	s	 	k	r	i	e	g	t	 	m	a	n	 	w	e	n	n	 	m	a	n	 	e	i	n	e	n	 	k	a	r	r	i	e	r	e	g	e	i	l	e	n	 	O	p	p	o	r	t	u	n	i	s	t	e	n	 	v	o	n	 	d	e	r	 	L	e	i	n	e	 	l	ä	s	s	t	?
Z	u	 	w	e	l	c	h	e	m	 	#	S	p	i	e	l	 	s	o	l	l	e	n	 	w	i	r	 	e	i	n	 	#	R	e	v	i	e	w	 	s	c	h	r	e	i	b	e	n	?
 	D	a	r	f	 	i	c	h	 	d	i	r	 	s	a	g	e	n	,	 	w	i	e	 	k	n	u	f	f	i	g	 	d	a	s	 	a	u	s	s	i	e	h	t	?
S	i	e	 	r	e	c	h	n	e	n	,	 	a	n	a	l	y	s	i	e	r	e	n	,	 	s	c	h	r	e	i	b	e	n	 	–	 	u	n	d	 	d	a	n	n	?
W	a	s	 	m	ü	s	s	t	 	i	h	r	 	m	a	c	h	e	n	?
I	 	l	i	k	e	d	 	a	 	 	v	i	d	e	o	 	 	i	c	h	 	h	a	b	e	 	e	i	n	e	 	W	A	F	F	E	 	i	m	 	S	E	E	 	g	e	f	u	n	d	e	n	.	.	 	s	o	l	l	 	i	c	h	 	z	u	r	 	P	O	L	I	Z	E	I	?
 	G	i	b	t	s	 	k	e	i	n	e	 	a	m	d	e	r	e	 	m	e	h	r	 	d	i	e	 	v	l	l	t	 	n	o	c	h	 	o	f	f	e	n	 	h	a	t	?
W	i	e	 	#	d	i	g	i	t	a	l	 	i	s	t	 	d	i	e	 	#	I	n	v	e	s	t	o	r	R	e	l	a	t	i	o	n	s	 	i	n	 	#	D	e	u	t	s	c	h	l	a	n	d	?
69	105	110	101	32	66	111	109	98	101	100	114	111	104	117	110	103	32	105	109	32	75	195	182	108	110	101	114	32	72	97	117	112	116	98	97	104	110	104	111	102	32	32	240	159	152	169	240	159	152	169	63
 	I	s	t	 	g	e	n	u	g	 	p	l	a	t	z	 	i	m	 	K	o	f	f	e	r	 	d	a	s	 	i	c	h	 	m	i	c	h	 	d	a	 	v	e	r	s	t	e	c	k	e	n	 	k	a	n	n	?
L	T	E	 	u	p	d	a	t	e	n	 	o	d	e	r	 	l	i	e	b	e	r	 	n	i	c	h	t	?
 	 	E	r	k	l	ä	r	 	d	o	c	h	 	?
32	77	97	108	32	119	97	115	32	110	101	117	101	115	32	63	240	159	152	152
W	e	r	 	h	a	t	 	e	i	g	e	n	t	l	i	c	h	 	z	u	 	d	i	e	s	e	m	 	a	b	a	r	t	i	g	e	n	 	#	S	c	h	a	n	z	e	n	f	e	s	t	 	a	u	f	g	e	r	u	f	e	n	?
S	c	h	o	n	 	e	t	w	a	s	 	v	o	r	 	a	m	 	M	i	t	t	w	o	c	h	?
W	e	r	 	k	e	n	n	t	 	d	i	e	s	e	n	 	M	a	n	n	?
B	e	r	e	i	t	 	f	ü	r	 	d	a	s	 	a	l	l	j	ä	h	r	l	i	c	h	e	 	F	l	u	n	k	y	b	a	l	l	 	B	a	t	t	l	e	 	z	u	r	 	G	a	m	e	s	c	o	m	?
 	 	E	h	r	l	i	c	h	 	b	i	n	 	i	c	h	 	r	a	u	s	?
D	u	 	h	a	s	t	 	i	n	t	e	r	e	s	s	a	n	t	e	 	F	r	o	n	t	e	n	d	-	T	h	e	m	e	n	 	u	n	d	 	w	i	l	l	s	t	 	d	a	z	u	 	e	i	n	e	n	 	T	a	l	k	 	h	a	l	t	e	n	?
 	W	a	s	 	h	a	s	t	 	d	u	 	d	e	n	n	 	b	i	t	t	e	 	n	o	c	h	 	v	o	r	?
 	 	 	M	a	g	s	t	 	d	u	 	m	i	r	 	d	e	n	 	e	v	e	n	t	u	e	l	l	 	e	r	k	l	ä	r	e	n	?
B	e	r	e	i	t	 	f	ü	r	 	d	a	s	 	a	l	l	j	ä	h	r	l	i	c	h	e	 	F	l	u	n	k	y	b	a	l	l	 	B	a	t	t	l	e	 	z	u	r	 	G	a	m	e	s	c	o	m	?
 	W	e	r	 	w	i	l	l	 	s	o	 	e	i	n	e	n	 	n	i	c	h	t	 	?
 	H	ö	r	e	 	i	c	h	 	d	a	 	""""	E	r	i	k	a	""""	 	r	a	u	s	?
W	i	e	 	k	a	n	n	 	m	a	n	 	t	r	o	l	l	n	a	c	h	r	i	c	h	t	e	n	 	z	u	 	A	d	a	m	 	s	c	h	i	c	k	e	n	?
M	u	s	s	 	d	a	s	 	s	o	?
J	m	d	 	b	o	3	 	g	b	s	 	o	d	e	r	 	c	h	a	l	l	s	 	s	u	c	h	e	n	?
T	r	i	a	n	g	l	e	 	P	a	t	t	e	r	n	?
?
 	D	ü	r	f	e	n	 	w	i	r	 	d	a	s	 	F	o	t	o	 	i	r	g	e	n	d	w	a	n	n	 	a	u	f	 	F	a	c	e	b	o	o	k	 	u	n	d	 	T	w	i	t	t	e	r	 	p	o	s	t	e	n	 	u	n	d	 	I	h	r	e	n	 	N	a	m	e	n	 	e	r	w	ä	h	n	e	n	?
 	 	I	c	h	 	s	c	h	m	e	i	ß	 	m	i	c	h	 	w	e	g	.	.	.	d	e	r	 	M	u	s	e	l	 	s	c	h	r	e	i	t	""""	v	o	r	 	d	e	n	 	K	i	n	d	e	r	n	?	!	""""
68	97	115	32	118	111	110	32	105	104	109	63	240	159	152	130	32	83	101	105	116	32	119	97	110	110	32	110	101	104	109	101	226	128	166
H	a	l	l	o	 	,	 	i	s	t	 	e	u	c	h	 	""""	R	e	c	h	e	r	c	h	e	""""	 	e	i	n	 	B	e	g	r	i	f	f	,	 	o	d	e	r	 	s	c	h	r	e	i	b	t	 	i	h	r	 	i	m	m	e	r	 	n	a	c	h	 	d	e	m	 	B	a	u	c	h	g	e	f	ü	h	l	?
W	e	r	 	t	r	ä	g	t	 	e	i	g	e	n	t	l	i	c	h	 	d	i	e	 	K	o	s	t	e	n	 	d	e	r	 	g	a	n	z	e	n	 	A	k	t	i	o	n	 	a	m	 	s	c	h	a	u	r	i	g	e	 	B	e	r	g	?
 	M	ü	s	s	t	e	 	d	a	 	d	i	e	 	B	e	h	ö	r	d	e	 	n	i	c	h	t	 	v	o	n	 	s	i	c	h	 	a	u	s	 	t	ä	t	i	g	 	w	e	r	d	e	n	?
O	d	e	r	 	w	a	r	 	d	e	r	 	E	r	n	t	e	h	e	l	f	e	r	 	h	a	l	t	 	n	u	r	 	s	o	 	e	i	n	 	A	u	s	l	ä	n	d	e	r	.	.	.	?
