Liebe , den Hammer von  habt ihr auf dem Schirm, ja?
"Soetwas wie das ""Euthanasie""programm der Nazis wäre heute nicht mehr möglich?"
Cola ohne Zucker, mit synthetischem Ersatzstoff?
aso, funkst du mich wegen causa klosterfrau melissengeist mal an?
War sowas schon mal Thema im #srmd in # Magdeburg bzw. in ?
Hallo?
will eine facecam als neuen donation goal machen was kostet so ne facecam (gute facecam)?
WAS?
Mauritius !?
WIE ZUR HÖLLE IST ER IN DEN BESTEN DEUTSCH KURS GEKOMMEN?????
?
Was ist denn das nun wieder?
Ob er sich da freut, der ?
where is The Pokémon go iOS update?
Okay es handelt sich um ein vellus Haar..ist das jetzt besser??
?Hat hier jemand einen hohen iq in Haaren?
?
Flammende Reifenspuren?
Wird Merkel auch Panzer gegen das eigene Volk schicken?
Can you spot Kilimanjaro sticking out of the clouds over Kenya and Tanzania, in a mountain glow just before nightfall?
Hotel boulevard heißt das glaub ich wieso?
Hast du gewusst, dass du Teil der RhB-Familie werden kannst?
Ich hab mehr als du.. Warte WAS?!
Jägermeister Bull ???
auch Buchstaben?
Can you spot Kilimanjaro sticking out of the clouds over Kenya and Tanzania, in a mountain glow just before nightfall?
Die Blumen?
Wirklich?
Ausgerechnet die?
"Die ""Hamsti"" Dame, die du mit   im Schwitzkasten hattest?"
Hoffentlich nichts Schlimmes?
Wer sind die 10 Expert*innen im #Digitalrat, die Angela Merkel bei ihren ungemachten Hausaufgaben helfen sollen?
ob irgendein bachelorist schon ne studie über den twitter circle of life verfasst hat?
Sexuell aktiver?
"""#Datenschutz als ertragfressendes Monster"" ?"
"""sehr negative Umsatzentwicklung durch die #DSGVO"" ?"
Juckt?
Was hat die  schon wieder auf der Gamescom zu suchen?
Dummbeutel?
Was hat die  schon wieder auf der Gamescom zu suchen?
Hallo?
dreihebiger Trochäus?
?
Wieso ?
Fall gelöst?
blutelfe?
05.12 &amp 6.12 Nikolaus mit Freunden?
Foto mit PappReinke?
war noch nie verliebt.. glaubt ihr mir?
Und Du mit Deinem Spruch der von nem 5jährigen hätte kommen können, zählst Dich zur geistigen Elite?
Kannst du nicht rausgehen, überrascht tun und sagen, du habest geschlafen?
einer von euch will mir da doch einen Bären aufbinden?
Is that Mark Wahlberg?
Was??
Bleibt #Kruse jetzt langfristig?
Im Vergleich dieser drei Städte?
Rekordsommer?
Wusstet Ihr, dass die AIDAnova als erstes Kreuzfahrtschiff der Welt mit Flüssiggas (LNG) betrieben wird?
wohnst du da?
Ob diese linke Gewalt noch in den Griff zu bekommen ist?
"""Wenn Du eine Attraktion auf einem Jahrmarkt wärst, was wärst Du?"""
Was hat die  schon wieder auf der Gamescom zu suchen?
first world problems und gesuchte lösungen: wie sagt man ein jobangebot ab?
hinten das Gummitier, vorne der Chef im Cockpit?
Was das wohl wird?
hmmm.. zölliges oder metrisches Gewinde?....
Warum sind Journalisten eigentlich der Meinung über Recht und Gesetz zu stehen?
Könnt ihr einem kranken Verstand in #TransferenceVR entkommen?
Glitterbomb?
Ja bitte?
Biertrinker sind auch Tierquäler, nur anders?
Endlich deine innerliche Zufriedenheit?
Warum zitieren Sie nicht diesen Gebetstext der Hadsch?
Wo soll ich die raufmachen...?
Shishabar sagste?
Strafanzeige - was wiegt mehr, Pressefreiheit oder die Persönlichkeitsrechte des Demonstranten?
Ihr so?
Kennt die sächsische #Polizei eigentlich den Begriff Pressefreiheit?
"Und schließt ein ""wir"" nicht auch immer jemanden aus?"
Ganz ehrlich?
Also?
Gegen wen?
Wie jetzt?
Wo sind denn die #Silas und #TimmThaler Fans!?
Sich in Diktatorenpose werfen und Law &amp Order-Politik ankündigen?
Sex ist ja schön und gut aber habt ihr schon mal beim kuscheln ein wettpupsen gewonnen?
Quando ospiterete Elly Schlein?
So früh??
Läuft es dort als GTA?
Gibt es Glückwünsche eigentlich auch für buddhistische oder hinduistische Feste?
Sagt mal, taugt Fenix noch als Twitter-App?
Sonst Empfehlungen für Android?
Nachbar Hobbygärtner frägt - gibt es gegen grünes Unkraut dauerhaft wirksames?
"""Klar ist Sex geil, aber habt ihr euch schon mal in nen leeren Karton gesetzt?"""
Oder?
Was denn?
Was soll das ?
Was ist denn so ein stammtisch wert?
Denkst du als Racing Anfänger ist das Trudtmaster t150pro geeignet?
Für was steht #aufstehen denn konkret?
Konkrete Ziele?
Staatlich legitimierte Tierquälerei auf Zuteilung?
Muss man Menschen vor sexueller Überwältigung schützen?
Was muss sich die Polizei eigentlich noch alles gefallen lassen, bis die etablierte Politik endlich handelt?
Will eigentlich jemand Sex auf der Gamescom?
Nächste Frage: Wie wird für psychisch erkrankte Menschen normalerweise ein Unterbringungsbeschluss erwirkt?
kommt salzburg nicht weiter wissen sie mehr?
How much wird das Tape kosten?
"Freundin in WhatsApp: ""Hey :) kanst du vllt meine hausii korrektur lesen ?!"
hä?
ich dachte neomagazin kommt wieder?
aber wann?
wo?
Kein Sky?
GötterDonerung?
Weil?
"Beim Essen:

""Hat es dir im Kindergarten gefallen?"""
Wann werden die ersten Straßen aus #Sicherheitsgründen geschlossen?
Wer hasst Deutschland mehr als die #Grünen?
"""Seit wann?"""
Was hat #Soeder eigentlich 2015 so gemacht?
Was lernt man in soner Ausbildung sonst noch so?
Shelvy, Groß?
Habe ich euch schon die Kiebitzansammlung im Bourtanger Moor, November 2014, gezeigt?
Vielleicht war es ja nur ne phaaaa.... BMTH HAT NEN NEUEN SONG RAUSGEBRACHT?!...
Kommt man da bei  raus?
Ach ihr seid diese Grünen, denen die Umwelt und das Tierwohl so am Herzen liegt, stimmts?
Ob sich Strache noch manchmal seine alten Wutreden gegen Postenschacher und Steuergelverschwendung anhört?
?
Bist du selbst für eine einfache Antwort zu doof?
Ach ihr seid diese Grünen, denen die Umwelt und das Tierwohl so am Herzen liegt, stimmts?
Die paar Minuten meinen Account und nach Tweets/Antworten von meinen Followern zu suchen um ihnen ans Bein zu pissen?
(so?)
hat wer hier podcasthörenden nachwuchs und kann empfehlungen geben?
Fragen sie sich auch manchmal, wann eigentlich mal die anderen mit diesem verfickten Karma dran sind?
Hum?
"Dann mach auch gleich das Spin-off ""Is it a B(ee)-movie?"""
Was erzählst du da für einen Blödsinn?!
ob irgendein bachelorist schon ne studie über den twitter circle of life verfasst hat?
Und wo steht, dass der Mann kein Deutscher ist?
Hatte ich nicht beim letzten Mal den Bully am Fuß der Düne geparkt?
DU, Ministerpräsident????
Hochbett?
Was sagt denn  dazu?
ich mag ja aladin mehr als aldi (aldi süd oder nord?)
Auch nicht was mit verrotten?
Lugt ihr schon wieder maedels?
Das hier ist der Satireaccount, oder?
Der  möchte gerne ein TV-Duell?
Wer Lust auf ein paar Codes?
Östersund - ?
Damit wir uns mit dieser Mysteriösität und derweil nicht mit der Politik des Präsidenten beschäftigen?
Ihr wollt bei der nächsten -Auslosung im  live dabei sein?
Will die  vlt ertmal in diesem #Neuland klarkommen, ehe es sich wirklich neuen Themen widmet?
Salzburg Milch konnte nicht mit einem Kühlwagen vorfahren?
sie haben keine Ahnung, was Anarchie bedeutet oder?
Okay.... Dann bis morgen...?
Warst Du ungeschickt oder vielleicht unschicklich?
treffen zu welchem zwecke ?
Muntafuner Stöbli Ein Campingplatzrestaurant als Empfehlung?
Cola ohne Zucker, mit synthetischem Ersatzstoff?
"Dabei habe ich den Ton kaum hörbar...
#HomeforWhovians

Wer hat eigentlich den Vertipper #HomeforWhovains gestartet?"
Echt jetzt?
Fragen sie sich auch manchmal, wann eigentlich mal die anderen mit diesem verfickten Karma dran sind?
Wenzeni?
Oha, ist der Alkohol bei EA *so* stark?
Darf ich noch mal um Aufmerksamkeit für #eingeimpft bitten?
Can you spot Kilimanjaro sticking out of the clouds over Kenya and Tanzania, in a mountain glow just before nightfall?
Meine Definition von Glück?
"Ob ""das Handwerk"" wütend angerufen hat?"
bedeuten dir komplimente von fremden etwas?
"Was ich schrieb :"" Schon ne Ahnung, wann du heim kommst?"""
Wie krank im Hirn muss man sein, um so was zu tun?
DFA not an option?
E esses favs???
?
"""Neustart der Rente""?"
Heißt das, Nahles will einen Reset?
Can you spot Kilimanjaro sticking out of the clouds over Kenya and Tanzania, in a mountain glow just before nightfall?
Ist es jetzt cooler kein Partner zu sein?
kia tohfa du is eid par ?
Addest du mich Johannes?
Was hat die  schon wieder auf der Gamescom zu suchen?
Wer in und um Stuttgart sucht einen #Scrummaster für eine Festanstellung?
Warum linkste mich da?
Ja?
Aber?
Und hast du eine Kaffee-Hausmarke, die du empfehlen kannst?
Kaffee?
Ich traue mich fast nicht zu fragen, aber was genau ist Shen Mu für ein Spiel?
Heilerziehungspflegeschüler sollen noch während der Ausbildung ihr erhaltenes Bafög komplett zurück zahlen?!
Ich vor paar Jahren: omg 12 loopings und die chance ein Herzinfarkt zu erleiden???
Wie schön ihr alle seid, wisst ihr gar nicht, hm?
Besucht ihr die gamescom?
05.12 &amp 6.12 Nikolaus mit Freunden?
Warum habe ich immer noch ein Crush?
Geht es noch pathetischer, Herr #Maas?
Trauen Sie sich, ?
Wait what?
When?
D: warum tu ich das?
Warum hat sie solche verfickten drecks Eltern?
Echt?
Ist er noch poppiger als That's The Spirit?
Passend dazu kam heute die Meldung, dass allein im Juni (oder Juli?)
Triathlon, Marathon, Ultra?
Brauchst du es wegen der AU oder wegen der Überweisung?
Sicher?
"*S P O I L E R*

Können die nicht eher aus Pfützen kommen?"
naum?
: Ist drei Minuten zu frühe Ankunft eigentlich auch unpünktlich?
Jungs ....wie soll ich ohne Küche vor Ort für euch kochen ?
Ganz falscher Ansatz...was kommt als nächstes?
Der kann mit der Hand spritzen?
wo seid ihr genau?
Die nächsten Master of Desaster?
Und racial profiling ist verboten?
was sind das nur für feige autoren?
?ich hätt Gabriel sofort darauf angsprochen warum er un
einer von euch will mir da doch einen Bären aufbinden?
- möchtest du Joghurt?
"Nein 
- ein Brot?"
Urlaub??
?
Öhm terrasse irgendwas?
"""Sie sind 32?"
"Kinderwunsch?"""
Entschuldigung?
"Neues Prosa-Kapitel 'Die Vernissage' online:
Wie verläuft Jennys Ausstellungsdebut?"
Wie viel Allah bekommt man zur Zeit mit der türksichen Lira?
warte jetzt mit dubstep oder einfach das lied?
Diskriminierung wo?
auf mtv?
Wer würde sich dafür schon aufopfern wollen?
Sollte heute nicht  kommen  ?
Und noch nicht nazifiziert worden?
Waren Kerzen drauf ?
"Eure ""Sex ist geil, aber habt ihr schon mal...""- Tweets sind geil, aber hattet ihr überhaupt schon mal Sex?"
Warum beschützt Deutschland meinen Vergewaltiger?
Wo bleibt die relativierende Anmerkung zum grausamen Tötungsritual?
Warum schweigt die #SPD dazu?
Das ist jetzt nicht Ihr Ernst?
#ArmesDeutschland endlich Zuhause was habe ich verpasst?
Ich frage mich momentan wirklich,  wie lange ich diesen Belastungen in der #Kita noch standhalten kann?!
Hä was?
Bitte?!
Was haben diese Leute für ein RL?
Präziser?
Staatlich legitimierte Tierquälerei auf Zuteilung?
Wie lächerlich ist das denn?
Proletenhaft und ordinär??
In Wien?
"ich: oh man ich hätte so gerne freunde

jemand: hey wollen wir morgen was machen?"
Altersdurchschnitt?
Und wer ist der Dicke im Cabrio?
Na?
#Flüchtlinge raus und anständige Renten zahlen, wo ist das Problem?
Warum soll die #CDU das schon machen?
umadbro?
Doch welches politische Interesse wahrt die Bundesrepublik mit der Aufnahme eines damals polnischen SS-Kollaborateurs?
Wieso bekomme ich nichts auf die Kette nur weil ich meine Meinung sage????
Ernsthaft?
Der echte Söder?
Will Söder der neue Real Donald sein?
habe ewig nicht mehr gehört aber er sieht echt nicht schlecht aus imo?
?
Warum sind die #AFD-Mitglieder alle so hässlich??
Darf ich fragen um was es eig geht #binconfused ?
Welche Bereiche der #Industrie sind erfolgreich in #Forschung und #Entwicklung und welche weniger?
"Mit den Worten ""Hier, das passt doch zu Ihnen, oder?"""
Haben Sie denn gar nichts davon mitbekommen??
Welche Religion geht so mit Tieren um??
?Auf diese kann man pfeifen!!
Besucht ihr die gamescom?
#Flüchtlinge raus und anständige Renten zahlen, wo ist das Problem?
Ganz unten 2.0?
Nur weil Taddl lange Nägel hat ist er kein anderer Mensch??
?
Mehcon?
Warum blendet man bei Rudi Fußi immer noch PR Berater und nicht Häuslratz ein??
Was hat die  schon wieder auf der Gamescom zu suchen?
einziges anliegen?
wollen sie mich verarschen?
Das ist jetzt aber schon arm, oder?
"Er: ""Studiert?"""
bist schon in cologne city eigentlich?
Was haben die im Hirn??!
Ich habe ein Video zu einer -Playlist hinzugefügt:  Das BESTE kostenlose SCHNITTPROGRAMM?
Was?
WAS?
Mit dem Autoooo?
Sonst Empfehlungen für Android?
Gab es keine Möglichkeit den Hut mitzunehmen?
Wird da wieder einer krank geschwätzt damit er nicht angemessen bestraft wird?
Pommes?
achso , da steht aslo auch, dass ich h4 und raucher bin ?
"Oh, äh

Danke... I guess?"
Der Hoeneß raucht doch in letzter Zeit echt Crack,oder?
ok ok ich nenne mein Erstgeborenes Veritas, zufrieden?
haben Sie jetzt Kontaktdaten für Ashwaq???
?
Wie kann man seinem Mann nur so in den Rücken fallen?
"ich: oh man ich hätte so gerne freunde

jemand: hey wollen wir morgen was machen?"
und wird dann wohl von #Trump begnadigt oder ?
Die Demonstranten in Prag waren gegen Nationalismus?
Gegen Populismus?
Wer genau schneidet Menschen die Kehle durch?
ich hatte das voll vergessen 8D aber ja gerne so &lt3 brauchst du das pinterest board noch?
SW - Das war doch der Fernseher, nicht der Film, oder?
Ihr wollt bei der nächsten -Auslosung im  live dabei sein?
Wie, jetzt nicht mehr für  sondern für ?
Ratschläge?
Das wolltet ihr doch sagen oder?
"In der #CSU-Zentrale:

""Ok Leute, das mit #soedermachts lief nicht so, jemand eine Verbesserung?"""
"haste super gemacht

is das bei so ~11 sekunden der  ?"
Stellvertretender SPD Vorsitzender?
Ach?
Vielleicht hat ja sogar die  selbst Interesse?
Soul Calibur VI kommt schon im Oktober?
Ist das dieses Inseldiktatorenspiel, gibt's das noch in neu?
"35 Jährige begleitet 17 und 20 Jahre alte Afrikaner und begleitet sie in Asylheim 

What could possibly go wrong?"
Einer ok... aber beide??
?
Joo welcher ts?
Leckller Braten am Haken?
Ach ihr seid diese Grünen, denen die Umwelt und das Tierwohl so am Herzen liegt, stimmts?
Ventilator??
?
"Hast du auch irgendwelche Beispielen für seine ""Lügen ""?"
Jemand down für was?
?
Du willst mit nem Rundschild und nem Schwert rumlaufen um Leuten Kopfnüsse zu verteilen?
Man stelle sich vor was in Deutschland los wäre, wenn wir wieder Meinungs und Pressefreiheit hätten?
Fächer Guppy?
Mir auch...ist es vielleicht derselbe?
Ist n 2000 - 3000er PvP Rating wirklich so einfach to bekommen dass jeder mit den komischen War Mounts rumläuft?
Huch schon 9 und jetztbin ich so noch nicht müüüde?
Soll ich nen Würfel werfen oder sagst welche ?
Was darf eine Basler Gugge?
"""Was isz das ?"""
Jmd morgen auf der gamescom und Lust bisschen zu chilln?
Question 2) What date is Zwanze Day 2018?
Can you spot Kilimanjaro sticking out of the clouds over Kenya and Tanzania, in a mountain glow just before nightfall?
Warum wolltest du jetzt eig wissen ob ich twitter auf deutsch habe?
Wie lächerlich ist das denn?
Mhhh wäre schon toll so Einen Pc zu gewinnen wieviel kostet der denn so?
Staatlich legitimierte Tierquälerei auf Zuteilung?
(1) Wie hätte sie denn den Einzug dieser Spezialagenten verhindern sollen?
Ach ihr seid diese Grünen, denen die Umwelt und das Tierwohl so am Herzen liegt, stimmts?
Cola ohne Zucker, mit synthetischem Ersatzstoff?
Meinst du nicht cyberpunkt?
Yoga Book ?
Passend dazu kam heute die Meldung, dass allein im Juni (oder Juli?)
Ironie und Sarkasmus im Internet, was soll da schon schief gehen?
Oder es durften nur Al-Assads teilnehmen?
irgendwelche Tipps fürs Abi?
Hab ich gerade wirklich mich geoutet das ich noch nie nen freund habe?
"35 Jährige begleitet 17 und 20 Jahre alte Afrikaner und begleitet sie in Asylheim 

What could possibly go wrong?"
watt ?
Meinst du mich ?
pizzaliker am start was geht?!?
FAQ: Hast du eigentlich außer Bahnhöfen auch was gesehen?
Sehr geehrte Karen Taylor, Sie belastet der Begriff #Heimat?
"Letzter Buchstabe ""n""?"
Wer kennr sich mit dem #Opferfest aus und kann mir ein paar Fragen beantworten?
Habt ihr schon meinen neuen #Vlog gesehen?
juju stimmt diese?
"Ich [pausiert den Film]: ""Was?"""
Besatzer?
Wie?
Kann die Varell nicht eigentlich endlich mal weg?
Taylan : Ist Am0 ein Huntesohn?
Lasst uns mal hier alle TV-Beiträge (BR, RTL, Sat1,...?)
Sie bekommen kinder un ihre Wohnung im Obdachlosenheim behalten zu können?!
heiß, oder?
Meinst du vielleicht Moussaka?
"Er: ""Studiert?"""
Und was hat SIE mit den Falschbeschuldigungen zu tun?
Und welche mediale Hetze gegen Männer denn meinst du?
Jetzt will er schon #Weltpolitik machen?
ER muss im Wohnzimmer was für die Arbeit machen und ich häng hier alleine am Laptop rum ist das die Ehe von der alle reden?
du fragst wie viel PS ?
Soeder machts?!
Wer Schreiben?
Nein?
#Flüchtlinge raus und anständige Renten zahlen, wo ist das Problem?
Hleb noch einmal in der CL?
Blau oder rot?
"kennst du ""Hinter der Gartenmauer"" ?"
Warum ist die Deutsche Bahn so eine Nutte?
Ich gehöre zu denen, die immer noch nicht einsehen, warum Migranten uns Deutschen zu sagen haben, was wir tun müssen?
Wieder tanzbrunnen?
"Wenn mir langweilig is, grüße ich einfach mal fremde Leute...damit die sich den ganzen Tag fragen: "" Wer war das?"""
Verwandtschaft?
Wer hasst Deutschland mehr als die #Grünen?
so spät rosi?
Und Ihre Fakten haben Sie von #allesschallundrauch?
"Neues vom #Westfernsehen
Was sagen #gruene Tierschützer?"
Bei der Fleischereifachverkäuferin als Kind: Mutti sagte 'Wie heißt das'?
Internet explorer use karte ho kiya bhai ?
?
Gibt es einen Tag - ohne Messerattacke - wo ist Ali S.?
?
#Flüchtlinge raus und anständige Renten zahlen, wo ist das Problem?
Gehen wir essen?
das hat ja mit Politik nichts zu tun, unterstellen Sie dem Mann also falsch gearbeitet zu haben?
Für mich?
Jetzt will er schon #Weltpolitik machen?
Erst Milch jetzt Kokosöl... was bleibt mir da noch im Leben?
Feuchte Aussprache, hm?
Und nun?
Leider leidet diese Hartherzige und Verlogene Frau an Gedächtnisschwund oder  Irrsinn?
Dieses Mädel sieht meiner 5L ähnlich - aber wer ist das?
"Das hat jetzt effektiv noch niemand gefragt :)
Hints in der Schrift studiert?"
"""Der"" Maus?"
"Eure ""Sex ist geil, aber habt ihr schon mal...""- Tweets sind geil, aber hattet ihr überhaupt schon mal Sex?"
Stefan Karl died???
Wer würde mich jemals wollen?
Wer schützt die Kinder dieser Erde vor solch erbärmlichen Schweinen?
?!?!?!?
einer von euch will mir da doch einen Bären aufbinden?
Was weiß  über  ?
Was weiß  über die  ?
Was weiß  über  ?
Lieber   - wie wäre es denn, wenn die  nicht mit solchen Leuten Koalitionen bildet?
Drie kratten ?
Ja, bitte?
Wie tief muss man sinken, ?
Why is last train between Köln and Dusseldorf at 10pm?
Wisst ihr eigentlich ob die es am Freitag losliefen oder bis dahin liefern ?
Warum bist du so crispy?
Ganz falscher Ansatz...was kommt als nächstes?
woraus ist das?
Und mich vllt ?
"Sie: hey komm her
Er: nein geht nicht muss 2k km zur schanze fahren
Sie: wer wohnt da?"
"die 4 schwanzgrössen

-klein

-mittel

-gross

-gibts den auch in weiss?"
was wohl der  dazu sagen würde?
Wer fördert was im Bereich #Integration und #Partizipation von Migrantinnen und Migranten?
Fällt euch wirklich nix besseres ein?
Abtreibung ist schlimmer als Missbrauch?
Staatlich legitimierte Tierquälerei auf Zuteilung?
"Neapel: ""Sind Sie sich bewusst darüber, wie viele es sind?"""
beliebteste Bücher: #6: Zähne putzen, Pipi machen (Wieso?
leute kurze frage wegen dieser gewinnspielsache: ist das mit den rücktrittsforderungen ironisch gemeint?
"Was meinst du mit ""mit der Realität deckt""?"
Macht ihr das auch mit den festen amderer Religionen?
Nunburger ?
Die Pilotfolge von Navy CIS, ne?
Ist schon ganz toll wieder von vorne zu gucken, aber was zur Hölle?
$140 dates in Richmond?
"booktube/bookstagram/bookblog pet peeve: wenn leute ""classics"" als genrebezeichnung verwenden ?"
?
Dann gebe ich dir gedanken über ein leckerer keks ist das gut?
Wiso wartest du noch auf den dark Mode?
Wer sind die 10 Expert*innen im #Digitalrat, die Angela Merkel bei ihren ungemachten Hausaufgaben helfen sollen?
lässt du dich gerne anspritzen du geiles luder?
Den blocken?
Besucht ihr die gamescom?
Hatten wir schon Sommergrippe, oder darf ich dieses Jahr als erstes?
"Or ""Uhlekan?"
Hatsune Mikwho?
Können wir da mal eine Liste zusammen stellen?
bin ich jetzt hier bei Herrn Heidegger angekommen?
Hmmm...waren es nicht Konzerne wie VW, die diese Abhängigkeit erst entstehen ließen?
Okay... in... in dem Café....?
Die Subventionen vom Bauernstaat nehmense aber gern, gell??
1 von 100 Rennrädern?
Ob das wohl auch mit der nicht stattfindenden Islamisierung zu tun hat?
Zur Lese oder zum pressen?
Steve Ballmer ist jetzt in der AFD?
"Wieso ""joke"" ?"
Bei deinem oder ihrem/seinem?
Oder beide Male?
Warum beschützt Deutschland meinen Vergewaltiger?
Does anyone play Pokémon Go?
Was hat die  schon wieder auf der Gamescom zu suchen?
Warum stehe ich für Aufklärung zu #Autismus?
Warum setze ich mich für #Inklusion ein?
Warum ist mir #Pflege wichtig?
organisieren?
Warum ist am Ende der Nerven eigentlich immer noch so viel waches, singendes Kleinkind übrig?
Warum beschützt Deutschland meinen Vergewaltiger?
Für was stehen die #GRÜNEN?
Auch wenn mein Server sagt was bei mir ist bleibt bei mir ?
Ach ja?
jmd cs?
MON ... SANDWIIICH ????
?
Die Schweizer?
Hamburg?
Wieso in deinem Zorn?
Beförderung für den Bachelor?
Zitat?
woher weisst?
Und was gucken wa nu ???
STUPID OR EVIL ???
Nee du Möchtegern Tastaturrambo Wieso sollte ich jemanden anrufen und mitnehmen?
Für dich ?
Kreativ?
(passt so, ne?)
"Wann wurde eigentlich aus ""es hakt"" ""es hackt""?"
Und du?
WAAAS??
unentschlossen was caps angeht??
Was macht man, wenn man nachts um 2 Uhr auf die Toilette muss?
Welches da wäre ?
Was sagt den Dr. Gniffke, ist das für die Tagesschau relevant?
"Eure ""Sex ist geil, aber habt ihr schon mal...""- Tweets sind geil, aber hattet ihr überhaupt schon mal Sex?"
Wie is de zwarte Kristensen?
Kein Hesse?
"Er: ""Studiert?"""
läuft wow heute noch mal lag frei?
WIESO DÜRFEN ALLE AUßER ICH?
Trump beschwert sich, dass 90 % der Berichterstattung über ihn negativ ist?
waff haft du gefagt?
Ahre (?)
warst du das in der RegPK?
?!?!?!
DU SCHAUST SIE AUCH?
Dieses Mädel sieht meiner 5L ähnlich - aber wer ist das?
Kerbrat ??
?
Frauen im Krieg?
Na?
Heute Nacht?
"Neapel: ""Sind Sie sich bewusst darüber, wie viele es sind?"""
"Freundin in WhatsApp: ""Hey :) kanst du vllt meine hausii korrektur lesen ?!"
Womit stechen sich die Kinder eher die Augen aus?
Mit den Essstäbchen oder der Gabel?
Für Euch ist also Schächten keine Tierquälerei ?
XD Oder habt ihr nach USB-Stick und Powerbank nichts mehr?
Sie wollen wissen, was im besten Deutschland aller Zeiten so gerade los ist?
"""Seit wann?"""
"""Kommst du noch mit hoch?"""
stefan stefansson died????
Können wir den Tweet mal bitte alle teilen?
Hat die Region Hannover nicht Zuschüsse zu den ÖPNV bei der Anschaffung der E-Busse in der Innenstadt gezahlt?
kann man heute wo tryen?
Morgen gegen Mittag....?
Der Name ist Programm, wa!?
???
Ich mag das -Video:  Klimawandel - Wie sieht die Welt im Jahr 2100 aus?
Warum?
Warum?
