Ja man, warum auch mal deeskalierend irgendwas machen?
"Was wundern sich alle über ""Nationaler Sozialismus jetzt jetzt jetzt""?"
Du glaubst wohl jeden Scheiß??
Handelt es sich womöglich um denselben Staatsanwalt aus #Dessau?
and rting büllshit?
Sachsen wieder geil?
Sagt dir die SS-Einheit Handschar etwas?
Ich Frage mich wie so eine Schlagzeile in Ordnung ist?
Kein Zusammenhang damit, dass da eben zwei Afghanen mit seinem Kopf Fußball gespielt haben?
Wie ekelhaft ist die Bild #ZDF #ARD und die anderen Medien?
auch nix sexuelles also wisst ihr nicht?
eher als alle erwarten?
Tykkäsin -videosta  Ninja Gets Eliminated By The Best Controller Player Ever?!
#chemnitz #koethen wieviele deutsche Tote braucht es eigentlich noch, bis der dumme Deutsche versteht was er zu tun hat?
Ist Claudia Roth schwanger?
du meinst die Kasek-Denkerpose?
Äh, hallo Herr #Maaßen?
Pete Burns?
Wo habt Ihr sowas her?
Und wohin??
Ich muss nicht verstehen warum eins meiner Premiere Pro Projekte sich selbst auf den Stand von vor 3 Wochen zurückgesetzt hat, oder?
Geistesschwäche ?Traummatisierung?
I liked a  video  Was bewirkt Fame bei Frauen?!
kann ich dir die schokolade aus dem after schlemmen?
Wieso denkt jz jeder eigentlich das ich hacke?
Einer,der islamistische Folterer und Linksextremisten unterstützt?
Ihre Parteifreunde?!
Nicht Gutmensch, noch wahrscheinlicher Gutmenschin in einem Amt?
Und warum die Nudes?&amp Videos?
Wozu Impfungen?
Wieso leider?
Ob die Trauermärsche jetzt laut gegen Herzerkrankungen protestieren?
"Jetzt bin ich neugierig - so ""schlimm""?"
was ist der stand mit dem offiziellen google daydream Support?
Was ist das?!?
Ehrlich ?
Ele tem zipperzoper?
youtube com/watch?
Welcher witz?
"""Hey sis lass mal zeichen gegen afd setzen""

""Aber wie sis?"""
"#val2018 #valet2018
Entscheiden Schwedens Liberale die Regierungsbildung?"
Und wurde vorher von kriminellen Afghanen zusammengeschlagen, aber das muss nicht in die Schlagzeile, oder?
Was sagt das über die österreichische Twitter-Szene aus?
Verstehe Ihren tweet nicht ?
Wieso finde ich das so lustig?
mac miller morreu?
Aber vielleicht geht es nicht nur um Arbeitsrecht?
Braucht wer 1 Macbook?
Wien ist eh Erster, warum sollen wir noch firster werden?
Kein direkter kausaler Zusammenhang??
hab ich schon erwaehnt, dass #ibktwit barcelona werden muss?
Ist mit Verbrechen die Tötung gemeint?
Gilt wohl vor allem für Ihren Tweet?
Meinste leben?
Wahlbetrug in Schweden zu lasten von Rechts?
Ich mag das -Video:  live aus Chemnitz - Proteste ohne reale Lösung ?
Vllg qual papo ?
Bedeutet: Alle anderen sind doof und nur die Rechten kennen die Zukunft?
#Schweden hat gewählt - aber wer wird regieren?
Seid ihr #TeamEnergydrinks oder #TeamEnergyistGIFT ?
"weibers klären 2008:

-oh hallo schöne frau dame dürfte ich sie zu einer runde cha cha cha einladen gnädige lady?"
Wo bleibt der Beweis vom Mainstream der die justitz anzweifelt?
habe ich wenig kater oder bin ich noch drauf hätte ich gern gewusst?
Mein Laptop hat nicht wirklich gerade seine Festplatte aufgegeben?
Wer ist das?
Glaubt ihr Daniel Küblböck ist tot?
An das alte BWL-SG Plugin kommt man nichtmehr, oder?
In was für einen Land leben wir, wenn Berichterstattung lebensbedrohlich wird?
und wo steht das asia restaurant?
Tut sie das?
#WL540: Wat linkt Amsterdam, Frankfurt, Krakau, Malmö, Praag, Tallinn, Torino, Trnava, Turku, Valencia en Winterthur?
Den nennt Ihr ernsthaft Euren #Bundespräsidenten?
"Merkel ruft ""jeden"" Deutschen dazu auf, Position gegen Rassismus zu beziehen?"
Which Bernie Mac?
Nur zweitstärkste?
Ferienhaus mit Internet,Kamin und Sauna gesucht ?
Wi- wa- WAS?
"""Geil, hast du Eis?"""
Herzversagen ?
#heyju kannst du mal ne Tiefkühlpizza in deinem Pool schwimmen lassen?
Well, um ok?
dem glauben sie wahrscheinlich auch nicht weil er #syrer ist oder?
Ist das irgendein Versuch von Bauer-Jelinek, ihre Clearing-Stelle vor zu vielen Fällen zu bewahren?
Errrrrrrm Bez?
Ein Depressiver will nicht quatschen?
LEUTE wo seid ihr hin gottverdammte Axt?
«Und das Mädchen ist jetzt auch schon etwas älter.» - «Wie alt denn?» - «51.» #aufdemland
Wie bitte, Herr Seehofer, die MIGRATION ist die Mutter aller Probleme?
Und danach kommen die von Australien und fragen was passirt is?
I liked a  video  Deutliche Wölbung?
"""Warum hat so nen Typ wie du eigentlich keine Freundin?"""
Nicht mal eine Stunde durchgehalten??
Wo bleibt die Sinnlichkeit, meine Damen?
ich lüge immer ????????
Was wäre das für 1 Life?
Warum Ottern?
will  mit diesem Vergleich den Terrorismus verharmlosen?
Levitation???
Alter...ALS OB DU BIST JETZT HATTEST?!?!
"Was versteht man unter ""Freiraum, keine Verpflichtungen""?"
Diskurs gern?
live aus Chemnitz - Proteste ohne reale Lösung ?
"bin ich der einzige, der die echtheit dieses ""blocks"" stark bezweifelt?"
Gesamtschule oder Obdachlosenheim du hund?
Soll den überhaupt was mit Quatschen, Talk oder so rein?
When will Gen 4 &amp 5 release?
kennt ihr dieses wenn ihr mit jmd im bett liegt und dann kämpft man so also so spasskampf also so kebbeln?
"Base:  
Lineart: on FA / TesxaCoyote

Ja was mach ich nur aus der Base?"
AfD Diskussionen zu und gelten?
eh jaebeom ou jaebum?
Wer will mich auf der Wies`n ficken?
Mit fettigen Haaren zum Bäcker fahren, 1 Brötchen kaufen und schreiend aus dem Laden rennen?
Um... Gesundheit...?
Daniel Küblböck: Sind das hier die letzten Fotos von Bord der AIDA?
Ginchen du auch noch unterwegs?!
#20180909 Tennis: Serena Williams: emotional oder hysterisch?
Liebes , halten Sie es für möglich, dass hier Gegner unserer FDGO auf der Straße sind?
#Grundsicherung oder #Hartz4?
Sölli oder sölli ned?
Ihr NAZIS ?
Außer beleidigen können Sie nichts, oder?
ist das intergalaktische kummer auf einen anschlag durch die un ausreichend vorbereitet?
Und am tag?
back on twitter?
Will Merkel Leopard Panzer gegen die Bürger einsetzen?
Hej #Braunschweig, hat jemand von Euch eine Leinwand für einen Beamer die er mir für ein Wochenende zur Verfügung stellen kann?
Die Leute vom Berliner Flughafen?
... sondern ?
Sie nennen mich Staatspropaganda?
"Klingt nach Göbbels Rede ""Wollt ihr den totalen Krieg?"""
Quelle: Zeckenbiss,ISIS oder Osama Binladen?
man schaut Naruto auf youtube?
"was denn für ""normale"" oder ""gesunde(sic)"" Zweifel?"
Hat Bundespräsident Steinmeier eigentlich schon zum 'Tanz auf dem Grab' in #Köthen eingeladen?
Sag mal, Spiderman is nich kacke, aber habt ihr alle gesoffen?
Cannon Fodder - Intro (Amiga OST)  Was ist mit Dir?
Wäre es zynisch zu fragen wo die 87% sind?
Enserio schwartzman antes de delpo?
Kommt diese Strikenscheisse eigentlich gerade so richtig in Mode?
Das ist eine Hetzjagd, echt jetzt?
Wer sollte sie denn verhaften, der deutsche Kickl Georg Maaßen?
Ok alles klar kann mir irgendwer sagen ob des was ich schreibe imma noch anonym is oda sieht mans jetz wer ich bin?
Ja wie denn?
"""..., das auch nicht den geringsten Anlaß zu einem Zweifel bietet?"""
Ist die Echtheit des Videos verifiziert?
Steht ER auf MICH?
nennt mir user mit denen ich mich testen lassen soll wie sehr ich mit ihnen zusammen passe (??)
Art50 Extension?
"Ich sehe mir Clips von den ""Trauermärschen""an und soll ich Euch was sagen?"
Da waren 2500 Demonstranten gegenüber wie vielen Polizisten?
Oder diese aggressive Musik?
Folgt jetzt auch die doppelte Widerspruchslösung für Blut?
schreib ihn doch an oder zu stolz und er muss dich anschreiben?
Naja, wann haben die Tweets vom guten Herr Rothenberg je Sinn ergeben?
Bist Du am Ende schwul?
Schlaftagebuch?
430/450 wer hilft mir zu den 450 Follower?
Staffel von Outlander zu rechnen?
Ist da jmd etwas dünnhäutig?
#HeyJu Schonmal drüber nachgedacht den Vince wieder zu Pranken?
Der Lenz ist da?
Hat sich die #Kanzlerin oder #Bundestagspräsident Schäuble schon gemeldet?
Was stimmt mit dir nicht?
Würde er weiterleben, wenn es zu dem Angriff der Flüchtlinge nicht gekommen wäre?
Eure Meinung zur Broncos Defense ohne Aqib Talib?
Ich bin jetzt ehrlich gesagt, zu faul nachzurecherchieren, was für Todesfälle (?)
Herr #Seehofer, da wollen Sie mitmarschieren?
Lust auf was NEUES?
Warum mahnt Twitter wegen rassistischem Humor aber sexistischer humor juckt nicht?
Bzw wieso unterstützt ihr das nicht?
Animation oder nicht?
"Meinst du ""Morning Mood - Edvard Grieg""?"
Ist es einfach wenn man kaum mit maus und Tastatur was zu tun hatte in FN gut zu werden oder ich bin dann ein NoSkin auf PC?
Tee mit Milch?
Kann dieses Video bitte jemand ausdrucken und an die Landesregierung faxen?
Ich mag das -Video:  JBB 2018 - Wer kann es mit ENTETAINMENT aufnehmen?
auch den deppen-apostroph...??!
Landtagswahl - Erlebt Bayern bald den Kretschmann-Moment?
Mit meinem Paper drauf an dem ich zwei Tage schon geschrieben habe?
Kleinstadt?
Griechenland?
#Köthen: Trauermarsch?
Warum dieser sprachliche Eiertanz?
Warum nicht den einfachen in die Flats, der wäre so sicher gewesen ?
Bei ihr wurde wohl am Auge schon ein Treffer gelandet?
Wo sehen wir uns ihr geilen Menschen?
?Denke die waren vermummt oder??????
Borussia Dortmund ?
Wie geisteskrank seid ihr mittlerweile alle?
"""Was hast du für hobbies?"""
"Was ist mit den ""schwachen"" und gebrochenen Frauen?"
Insurtech Lemonade bald auch in Deutschland?
Sunderland?
Wie oft wurde schon der Anfang vom Ende Merkels besungen?
Deutschland brodelt und die Alte hängt in Südosteuropa rum u. gibt gute?
Liegt da etwa ein Rodgers Jersey neben dir Icke?
Fuck the Police ist da bei dir realistischer oder?
Toleranz für Totschlag bzw. Körperverletzung mit Todesfolge?
Gestorben??????
Sex ohne Grund?
Hilfestellung?
Is your password 90931~ZT2V?
Wie wäre es mal wieder mit Nazis klatschen?
mdss, que isso gente ?
Wieso werden diese Nazis in Deutschland, die offen zu Gewalt aufrufen, nicht verhaftet?
Gibt es für eine Vergewaltigung auch ein Konzert?
Vielleicht oder?
zählt das als unser erstes date ???
Verglich er Merkel und Goebbels?
Wisst ihr noch, als Leute zurücktreten mussten, weil sie die Quellen in ihren Doktorarbeiten schlampig angegeben haben?
#AIDAluna hab gehört ihr habt einen Platz frei?
Und wieviel verdient der Stegner vom deutschen Steuerzahler für solche intelligenten Tweets?
Quien se acuerda?
wollt ihr das Fundrasing nicht nochmal öffnen?
Wer hält noch zu Hans-Georg #Maaßen?
Ich mag das -Video:  Mein erster Motorrad Unfall?
heute kein stream?
#Ist euch Heuchlern das eh bewusst?
Und auch in dem Fall: vielleicht gibt es eine vertragliche Vereinbarung?
Rechtsruck in #Schweden?
Oder hat das Opfer die falsche Nationalität?
Geht es eigentlich noch?
Eine Quote, damit hier endlich Gleichstellung erreicht ist?
Wer sagt denn, dass die Dose voll war und ich daraus getrunken habe?
Meinst du Mandy die 9a7ba Stände zu Özil dem hs ohne Fußballer Gehalt ?
Sie dürfen ja wohl noch für ihren Landsmann Stimmung machen oder?
Hallo Jan, magst du Synthwave oder woher kommt seit einigen Stunden dieser S C H R E I B S T I L ?
Ja was heißt da die SPD?
Was guckst denn du wieder für Horror?
Genau, welche?
Hackkuchen?
Ich mag das -Video von :  Steht ER auf MICH?
Wie es mir geht?
Sogar ein Trauermarsch wird schon als rechter Mob verunglimpft?
"Nach 6 Jahren Beziehung und jetzt Schluss die Frage an alle Singles: 
WIE ZUM FICK SCHLAFT IHR ALLEINE??"
Warst arbeiten?
Ob ich darf?
Keine packers für dich?
Kai'sa/Sion/Morg?
Murdoch manipulation?
Schlafschafdämmerung?
Warum geht IHR nicht nach Polen ???
#FFD365 Chemnitz Analyse: Pauschalisieren die Medien?
Er will Best-of-Five abschaffen, ist aber gegen No-Ad?
Ist 'auge um auge' nicht altestamentarisch?
gibts den quxeq eigentlich noch?
Har ghormeh sabzin fastnat i halsen?
Gibt es den auch asl Käse-SahneTorte??
?Ich fühl mich grade so verarscht
Ob Herr Meisner auch so sorgsam den Hintergrund der beiden Tatverdächtigen recherchiert?
Analyse von Kansas City geplant?
Ja, richtig, was ist los?
Aktenfehler ?
Ich schreibe NM an mich selbst?
Islamische Werte?
Wie jetzt der Glacial Augment Vel draußen ist, aber vor 3 Monaten die Leute noch WTF dazu sagten #yikes #hipster?
Wann steht dieses Land endlich gemeinsam, aber friedlich auf?
Stimmt es daß, das Opfer im Krankenhaus verstorben ist und NICHT schon auf dem Spielplatz?
Playcalling, O-Line, DJ, Bradford, oder von allem etwas?
#heyju Sind  und du wirklich nur Friends oder gibt es eine tiefere innere Verbindung zwischen Euch?
Was ist denn dem Herzinfarkt vorausgegangen?
Followers kaise barhen gy phr?
Ein Konzert?^^
Und wenn die Angehörigen linke Idioten sind?
Ich habe ein Video zu einer -Playlist hinzugefügt:  Steht ER auf MICH?
"Danach geht es dann zum Endgegner ""Dachboden""?"
Und wer hat die Dame betulich kaltgestellt?
Das man zu Mensch ist?
Ich habe ein Video zu einer -Playlist hinzugefügt:  WO SIND MEINE TEDDYS?
Vergewaltigung?
herdenkingsmars?!
Schweden, einem Märchenland ohne Migrationsprobleme?
"My milkshake brings all the boys to the yard and they're like ""Haben Sie eine Gewerbelizenz dafür?"
Alles gefälscht, oder ?
"#Liebesroman #Fantasy #Mystery ""Wer zum Teufel ist Butterblume?"""
So eine Reise tut einen schon denken oder?
Oder wieder nur 'ne gezielte Falschinformation?
Und das Märchen glaubst Du ernsthaft?
Was ist denn nun mit #Köthen?!
Isser aber nicht, oder?
Wer hat denn das Dach vom Arthur Ashe konzipiert?
Sind die Schweizer KMU bereit für den neuen Zahlungsverkehr?
exam on stats later, is diz bagsak na aqu?
Wieso sollte man #maaßen glauben?
Was ist gestern eigentlich passiert, dass ich jetzt überall blaue Flecken und Schürfwunden habe?
Soll ich auf hater machen um mit dir deep talk zu bekommen?
Wer ist gefährlicher für Meinungsfreiheit, Demokratie und Rechtsstaatlichkeit?
Momentaner Hygiene Zustand?
Spider gwen?
34-Yards-Catch von Hill (wer sonst?).
Torah Portions?
wurden Waffentunnel errichtet?
Wer ist dabei am neuen CAS-Lehrgang #BlockchainEconomy?
Du spielst wohl auch dort auf den Regionals mit Leuten oder nicht?
Wein-Plus Daily wine question: Wie nennt man mit einem französischen Begriff die edelsten Rebsorten der Welt?
Du mean also Driving Heim For Weihnachten!?
CSU beat Arkansas?
Frage wer war es wirklich??
#heyju wieso hat Hesmo in Euren Pool gemacht?
Guter Kommentar von Detlef F.:  Aus Hirnblutung wird Herzinfarkt -was wollen sie uns damit sagen?
*sah ihm zu* Müllmann oder was?
oder meinen Sie damit den Lehrerjob zu beenden?
Von der Leyen lässt Tornado-Kampfeinsatz in Syrien prüfen  &gt  hat Flintenuschi nicht alle Tassen im Schrank?
Den rechten nicht?
Pk ca marche komen ca?
edo nimmst du deine Tabletten noch?
des Verdachts auf Volksverhetzung?
und der hat wingel abonniert?
Opfer arabisches Clan-Mitglied?
Inwiefern?
Frage in die Runde Wie ist denn so die #gamepass Qualität dieses Jahr bisher ?
Wir fragen uns: Hat sich Prof. Patzelt seine Partner genauer angeschaut?
Das geht runter wie Butter, ne?!
oh nee oder?
Doch schon so alt,  ?
Weswegen die #SPD ständig davon redet dass die #AfD Ängste schürt?
#Nachrichten #Woelki Was an der AfD ist rechtstadikal?
Gangbeast?
"Aber gibts es eigentlich "" #ranMLBsüchtig "" überlegungen?"
Wissen Sie noch, daß Klimbim nachVanille schmeckt?
rausgegeben?
kommt jetzt das nächste #wirsindmehr konzert?
du traust dich nicht, etw zu retweeten???
Nachdem du mir schreibst?
Warum die Menschheit nicht dazulernt...?
Streit ums Geld?
"#koethen

Zynisch: na ihr toten Hosen, schon eine Leichenparty geplant
Traurig: wieviele Morde braucht es noch?"
Schwedendemokraten so niedrig nach hervorragenden Umfragen?
was mike wazowski in ouat??????
Damit ich ein Selfie posten kann?
u die me die?
#Küblböck wo ist das Einfühlungsvermögen?
Die Leute fahrensxhöecjter Motorrad, wenn eine Widerspruchslösung kommt, oder was?
assistiu sierra burgess is a loser?
Den CallYa Smartphone Special für Zuhause und unterwegs CallYa TALK&ampSMS wieso?
Ein bisschen verwirrend???
NEUN von ZEHN?????
Diese saftkelterei?
Nächster Versuch die Folge 'Die drei ???
Es wird riesen Tennis gezeigt von den beiden Akteuren und wovon wird nur gesprochen?
"Er: *shriebt ihre nach 12min zruck*
Sie: omg sölli oder sölli ned?"
ist man ein nazi weil man will dass das morden aufhört??
Für vergeigte Fieldgoal dann 2 Kurze?
Warum schreiben so viele Medien, Markus H. sei in #Köthen an einem #Herzinfarkt gestorben?
Kante nerde?
Splatoon 1 oder 2 was ist besser?
in deutschland oder nicht?
Meinung, wenn 1 Moslem Messeropfer ist?
Bist du geraged wo PhineasCSC dich getraped hat und dir L Tanz gedrückt hat ?
Wo is bild von mir?
Haben Ihre kackbraunen Gesinnungsgenossen diese Statistik selbst gebastelt?
